reprov_fund_total,reprov_fund_anos_finais,reprov_med_total,reprov_med_1serie,pct_internet,pct_biblioteca,pct_lab_informatica,pct_quadra,pct_agua_potavel,pct_sem_esgoto,pct_sem_acessibilidade,pct_alimentacao,qt_salas_media,localizacao,dependencia_adm
0.0,0.0,,,100.0,0.0,40.0,80.0,100.0,0.0,0.0,100.0,6.6,Rural,Municipal
5.6,7.1,,,100.0,0.0,21.428571428571427,28.57142857142857,100.0,0.0,42.85714285714285,100.0,8.428571428571429,Urbana,Municipal
0.0,0.0,,,100.0,66.66666666666666,0.0,0.0,100.0,0.0,33.33333333333333,33.33333333333333,6.666666666666667,Urbana,Privada
,,13.1,21.8,100.0,100.0,100.0,100.0,100.0,0.0,0.0,100.0,11.0,Total,Federal
,,1.8,2.2,100.0,100.0,100.0,100.0,100.0,0.0,0.0,100.0,9.5,Urbana,Estadual
,,2.0,2.8,100.0,100.0,100.0,100.0,100.0,0.0,0.0,100.0,19.33333333333333,Total,Estadual
,,0.0,0.0,100.0,0.0,100.0,0.0,100.0,0.0,0.0,100.0,6.0,Total,Estadual
3.5,4.4,1.4,2.3,100.0,70.83333333333334,16.666666666666664,22.916666666666664,100.0,0.0,12.5,52.083333333333336,8.583333333333334,Urbana,Total
0.0,,,,100.0,0.0,33.33333333333333,0.0,100.0,0.0,66.66666666666666,100.0,10.0,Total,Municipal
0.0,0.0,,,100.0,50.0,100.0,100.0,100.0,0.0,0.0,100.0,6.0,Rural,Estadual
0.0,0.0,0.0,0.0,100.0,25.0,25.0,25.0,100.0,0.0,0.0,75.0,6.0,Urbana,Privada
6.7,8.9,9.3,14.1,100.0,57.14285714285714,100.0,57.14285714285714,100.0,0.0,0.0,100.0,8.285714285714286,Total,Estadual
1.7,2.7,2.0,5.4,100.0,66.66666666666666,33.33333333333333,66.66666666666666,100.0,0.0,0.0,100.0,6.333333333333333,Urbana,Total
6.1,6.8,0.0,0.0,100.0,100.0,100.0,100.0,100.0,0.0,0.0,0.0,12.0,Rural,Privada
,,6.2,17.2,100.0,100.0,100.0,100.0,100.0,0.0,0.0,100.0,19.0,Total,Federal
12.5,12.5,1.8,0.8,100.0,100.0,100.0,100.0,100.0,0.0,0.0,100.0,17.0,Urbana,Estadual
15.2,20.4,,,100.0,42.85714285714285,42.85714285714285,42.85714285714285,100.0,0.0,0.0,100.0,9.142857142857142,Urbana,Municipal
6.2,,,,100.0,50.0,50.0,0.0,100.0,0.0,0.0,50.0,5.5,Urbana,Privada
1.4,3.3,5.6,10.0,100.0,0.0,0.0,33.33333333333333,100.0,0.0,0.0,100.0,8.333333333333334,Urbana,Total
3.2,5.2,4.7,3.3,100.0,33.33333333333333,66.66666666666666,33.33333333333333,100.0,0.0,0.0,100.0,7.0,Urbana,Total
9.4,7.8,2.3,0.0,100.0,9.090909090909092,9.090909090909092,27.27272727272727,18.181818181818183,0.0,9.090909090909092,100.0,5.545454545454546,Rural,Total
1.0,1.4,,,100.0,67.74193548387096,1.6129032258064515,48.38709677419355,100.0,0.0,9.67741935483871,100.0,10.983870967741936,Urbana,Municipal
0.0,0.0,,,100.0,20.0,40.0,20.0,100.0,0.0,20.0,100.0,9.0,Total,Municipal
,,5.6,1.7,100.0,100.0,100.0,0.0,100.0,0.0,0.0,0.0,6.0,Total,Federal
12.3,0.0,,,100.0,0.0,0.0,0.0,100.0,0.0,100.0,100.0,1.8571428571428568,Rural,Municipal
1.0,1.0,4.1,1.4,100.0,100.0,100.0,100.0,100.0,0.0,0.0,100.0,15.0,Urbana,Estadual
3.5,6.5,,,100.0,26.08695652173913,17.391304347826086,39.130434782608695,17.391304347826086,0.0,17.391304347826086,100.0,10.26086956521739,Urbana,Municipal
1.8,2.1,2.5,3.9,98.44357976653696,71.20622568093385,32.68482490272373,58.754863813229576,99.61089494163424,0.3891050583657587,8.171206225680933,10.116731517509727,10.396887159533074,Total,Privada
0.0,0.0,,,100.0,50.0,50.0,50.0,100.0,0.0,0.0,0.0,10.5,Urbana,Privada
4.1,7.7,,,100.0,100.0,100.0,100.0,100.0,0.0,0.0,100.0,9.0,Rural,Total
1.0,1.2,0.9,1.3,93.5483870967742,19.35483870967742,50.0,43.54838709677419,100.0,0.0,29.03225806451613,82.25806451612904,10.096774193548388,Total,Total
1.7,3.6,4.7,5.6,97.91666666666666,54.16666666666666,39.58333333333333,52.083333333333336,100.0,0.0,14.583333333333334,79.16666666666666,12.770833333333334,Urbana,Total
0.3,0.3,1.0,2.0,100.0,80.95238095238095,61.90476190476191,61.90476190476191,100.0,0.0,4.761904761904762,47.61904761904761,17.095238095238095,Total,Privada
1.2,0.0,1.8,2.1,100.0,0.0,50.0,50.0,100.0,0.0,0.0,100.0,11.0,Urbana,Total
4.8,4.8,4.5,1.7,100.0,81.81818181818183,54.54545454545454,90.9090909090909,100.0,0.0,9.090909090909092,100.0,21.09090909090909,Total,Estadual
3.7,5.3,,,100.0,0.0,0.0,66.66666666666666,100.0,0.0,66.66666666666666,100.0,5.333333333333333,Rural,Total
0.0,0.0,,,100.0,100.0,33.33333333333333,33.33333333333333,100.0,0.0,0.0,33.33333333333333,12.0,Urbana,Privada
0.0,0.0,,,100.0,100.0,0.0,100.0,100.0,0.0,0.0,100.0,18.0,Urbana,Municipal
,,13.5,24.6,100.0,0.0,100.0,100.0,100.0,0.0,0.0,100.0,7.0,Urbana,Estadual
,,1.0,3.2,0.0,0.0,100.0,0.0,100.0,0.0,0.0,100.0,6.0,Urbana,Estadual
3.2,5.2,7.1,11.4,100.0,100.0,100.0,33.33333333333333,100.0,0.0,0.0,100.0,9.333333333333334,Total,Estadual
5.3,,,,100.0,33.33333333333333,0.0,0.0,100.0,0.0,16.666666666666664,100.0,3.6666666666666665,Rural,Municipal
6.8,13.5,,,100.0,0.0,0.0,40.0,100.0,0.0,0.0,100.0,4.6,Total,Municipal
0.9,1.3,3.4,5.5,97.61904761904762,8.73015873015873,27.77777777777778,50.79365079365079,99.20634920634922,0.0,72.22222222222221,79.36507936507937,11.587301587301589,Urbana,Total
2.7,4.8,4.7,7.4,100.0,66.66666666666666,66.66666666666666,66.66666666666666,100.0,0.0,0.0,66.66666666666666,8.333333333333334,Total,Privada
4.6,5.6,9.0,11.7,100.0,33.33333333333333,33.33333333333333,66.66666666666666,100.0,0.0,0.0,100.0,9.666666666666666,Total,Total
0.6,1.1,16.9,26.5,100.0,100.0,50.0,50.0,100.0,0.0,100.0,100.0,10.5,Urbana,Estadual
0.0,0.0,,,100.0,9.090909090909092,72.72727272727273,9.090909090909092,100.0,0.0,72.72727272727273,100.0,2.272727272727273,Rural,Municipal
,,3.1,5.9,100.0,33.33333333333333,66.66666666666666,33.33333333333333,100.0,0.0,0.0,66.66666666666666,6.666666666666667,Urbana,Estadual
0.0,,,,100.0,66.66666666666666,0.0,33.33333333333333,100.0,0.0,83.33333333333334,100.0,7.0,Total,Municipal
1.1,0.0,1.8,0.0,100.0,20.0,40.0,20.0,80.0,0.0,20.0,40.0,8.8,Urbana,Privada
1.0,2.0,5.1,6.8,100.0,51.85185185185185,40.74074074074074,66.66666666666666,100.0,3.7037037037037033,18.51851851851852,100.0,9.333333333333334,Total,Total
0.0,0.0,,,100.0,50.0,0.0,0.0,100.0,0.0,0.0,0.0,8.5,Total,Privada
11.8,13.0,10.7,20.1,100.0,10.294117647058822,10.294117647058822,26.47058823529412,98.52941176470588,0.0,45.588235294117645,97.05882352941175,6.264705882352941,Total,Total
5.5,5.6,0.0,0.0,82.8125,10.9375,6.25,10.9375,81.25,1.5625,51.5625,93.75,4.3125,Total,Total
0.1,0.0,0.0,0.0,100.0,25.0,18.75,37.5,100.0,18.75,56.25,93.75,6.6875,Total,Total
2.7,3.8,2.8,0.0,100.0,100.0,50.0,50.0,100.0,0.0,50.0,100.0,6.0,Urbana,Total
5.3,7.5,,,100.0,0.0,60.0,60.0,100.0,0.0,0.0,100.0,8.2,Urbana,Municipal
6.7,9.7,8.8,6.8,80.0,40.0,40.0,40.0,80.0,0.0,60.0,100.0,8.4,Total,Estadual
14.8,1.0,,,100.0,14.285714285714285,0.0,57.14285714285714,100.0,0.0,28.57142857142857,100.0,7.285714285714286,Total,Municipal
,,3.8,4.3,100.0,100.0,100.0,100.0,100.0,0.0,0.0,100.0,25.0,Total,Estadual
1.4,3.1,5.0,8.8,100.0,80.0,60.0,60.0,100.0,0.0,0.0,100.0,8.2,Total,Total
6.7,10.7,14.8,24.3,100.0,7.6923076923076925,0.0,15.384615384615383,100.0,0.0,3.8461538461538463,100.0,6.538461538461538,Total,Total
3.7,3.7,0.0,0.0,100.0,100.0,100.0,0.0,100.0,0.0,0.0,100.0,6.0,Urbana,Estadual
1.2,1.2,1.9,5.8,100.0,100.0,100.0,100.0,100.0,0.0,0.0,100.0,11.0,Total,Estadual
4.7,6.0,5.6,11.4,100.0,100.0,50.0,50.0,100.0,0.0,50.0,100.0,5.5,Total,Estadual
0.0,,,,100.0,50.0,100.0,50.0,100.0,0.0,100.0,100.0,3.0,Rural,Municipal
1.1,1.7,6.7,10.2,96.96969696969695,16.666666666666664,46.96969696969697,50.0,100.0,0.0,77.27272727272727,75.75757575757575,10.924242424242424,Total,Total
0.1,0.2,0.2,0.5,100.0,33.33333333333333,28.57142857142857,33.33333333333333,100.0,0.0,23.809523809523807,71.42857142857143,6.714285714285714,Urbana,Total
1.5,0.0,,,100.0,50.0,50.0,50.0,100.0,0.0,0.0,100.0,6.5,Rural,Municipal
2.7,3.8,3.8,9.1,100.0,100.0,0.0,0.0,100.0,0.0,0.0,0.0,12.0,Rural,Privada
0.1,,,,100.0,100.0,66.66666666666666,66.66666666666666,100.0,0.0,0.0,100.0,19.33333333333333,Total,Municipal
0.5,1.0,4.4,7.0,100.0,30.0,30.0,40.0,100.0,0.0,30.0,90.0,5.1,Urbana,Total
,,0.0,0.0,100.0,0.0,100.0,100.0,100.0,0.0,0.0,100.0,7.0,Rural,Estadual
2.8,2.4,6.5,10.4,100.0,100.0,100.0,100.0,100.0,0.0,0.0,100.0,20.0,Urbana,Estadual
8.7,18.2,11.8,18.5,100.0,33.33333333333333,0.0,33.33333333333333,100.0,0.0,33.33333333333333,100.0,6.666666666666667,Urbana,Total
0.0,0.0,,,100.0,100.0,100.0,0.0,100.0,0.0,0.0,0.0,15.0,Rural,Privada
12.0,10.3,8.2,13.0,73.58490566037736,35.84905660377358,26.41509433962264,37.735849056603776,96.22641509433964,5.660377358490567,18.867924528301888,90.56603773584906,9.132075471698114,Total,Total
9.8,15.8,,,100.0,60.0,20.0,60.0,100.0,0.0,40.0,100.0,5.8,Rural,Municipal
1.4,1.1,,,100.0,33.33333333333333,33.33333333333333,66.66666666666666,100.0,0.0,0.0,100.0,6.666666666666667,Rural,Municipal
2.8,2.8,2.5,4.5,100.0,100.0,100.0,100.0,100.0,0.0,0.0,100.0,10.0,Total,Estadual
1.1,1.6,1.6,1.7,100.0,75.0,25.0,25.0,100.0,0.0,0.0,100.0,8.5,Urbana,Total
2.2,,,,57.692307692307686,7.6923076923076925,0.0,15.384615384615383,100.0,0.0,57.692307692307686,100.0,3.1538461538461537,Total,Municipal
0.0,0.0,,,100.0,100.0,0.0,0.0,100.0,0.0,0.0,0.0,6.0,Total,Privada
7.4,11.3,,,81.81818181818183,0.0,36.36363636363637,27.27272727272727,100.0,0.0,36.36363636363637,100.0,6.2727272727272725,Rural,Municipal
0.2,0.4,1.7,2.2,100.0,37.142857142857146,60.0,51.42857142857142,100.0,0.0,25.71428571428571,82.85714285714286,9.8,Urbana,Total
1.6,3.7,1.7,3.5,100.0,25.0,41.66666666666667,41.66666666666667,100.0,0.0,25.0,100.0,4.583333333333333,Total,Total
0.0,,,,100.0,0.0,0.0,0.0,100.0,100.0,100.0,100.0,3.0,Rural,Total
0.0,,,,100.0,50.0,10.0,60.0,100.0,0.0,0.0,100.0,8.0,Urbana,Municipal
0.4,0.6,0.7,1.6,100.0,45.45454545454545,54.54545454545454,54.54545454545454,100.0,0.0,59.09090909090909,22.727272727272727,11.681818181818182,Total,Privada
0.9,1.4,0.0,0.0,100.0,70.58823529411765,5.88235294117647,64.70588235294117,100.0,0.0,5.88235294117647,23.52941176470588,9.176470588235292,Urbana,Privada
,,7.1,9.9,100.0,0.0,100.0,100.0,100.0,0.0,100.0,100.0,11.0,Total,Estadual
3.2,7.1,11.8,15.6,100.0,100.0,100.0,0.0,100.0,0.0,0.0,100.0,10.5,Urbana,Estadual
4.6,,,,100.0,100.0,100.0,100.0,100.0,0.0,0.0,100.0,7.0,Rural,Total
4.2,8.2,,,100.0,31.25,25.0,37.5,100.0,0.0,12.5,100.0,7.1875,Urbana,Municipal
0.0,0.0,0.0,0.0,100.0,33.33333333333333,33.33333333333333,33.33333333333333,100.0,0.0,0.0,100.0,9.0,Urbana,Total
0.2,0.8,,,100.0,0.0,0.0,0.0,100.0,0.0,66.66666666666666,0.0,7.0,Total,Privada
2.5,4.6,,,100.0,25.0,25.0,33.33333333333333,100.0,0.0,0.0,100.0,7.166666666666667,Urbana,Municipal
2.6,,,,100.0,0.0,0.0,0.0,100.0,0.0,100.0,0.0,4.0,Urbana,Privada
0.3,0.4,,,100.0,25.0,0.0,12.5,100.0,0.0,12.5,100.0,11.25,Total,Municipal
0.9,,,,100.0,50.0,0.0,25.0,100.0,0.0,0.0,100.0,11.75,Urbana,Municipal
,,1.8,3.5,100.0,50.0,50.0,50.0,100.0,0.0,0.0,100.0,10.0,Total,Estadual
1.9,1.9,3.0,3.6,100.0,75.0,100.0,100.0,100.0,0.0,25.0,100.0,10.5,Total,Estadual
1.6,3.3,3.4,4.8,100.0,48.14814814814815,7.4074074074074066,29.629629629629623,100.0,0.0,11.11111111111111,85.18518518518519,9.555555555555555,Total,Privada
4.4,4.5,,,100.0,33.33333333333333,33.33333333333333,33.33333333333333,100.0,0.0,0.0,100.0,10.0,Urbana,Municipal
6.9,,,,0.0,0.0,0.0,0.0,100.0,0.0,66.66666666666666,100.0,2.333333333333333,Rural,Total
,,5.6,8.5,86.66666666666667,26.666666666666668,33.33333333333333,26.666666666666668,100.0,6.666666666666667,20.0,93.33333333333331,7.0,Total,Estadual
3.1,,,,100.0,14.285714285714285,0.0,28.57142857142857,100.0,0.0,0.0,100.0,4.142857142857143,Rural,Total
14.6,14.6,8.9,12.1,100.0,80.0,100.0,100.0,100.0,0.0,0.0,100.0,11.0,Urbana,Estadual
3.0,3.6,9.4,14.3,100.0,83.33333333333334,33.33333333333333,33.33333333333333,100.0,0.0,0.0,100.0,4.333333333333333,Rural,Total
1.5,5.0,,,100.0,0.0,0.0,0.0,100.0,0.0,0.0,100.0,9.0,Urbana,Municipal
,,7.2,2.9,100.0,100.0,0.0,100.0,100.0,0.0,0.0,100.0,10.0,Urbana,Estadual
19.6,19.6,7.6,11.1,100.0,100.0,100.0,100.0,100.0,0.0,0.0,100.0,11.0,Urbana,Estadual
2.0,4.0,,,100.0,0.0,0.0,0.0,100.0,0.0,57.14285714285714,100.0,5.0,Urbana,Municipal
0.0,0.0,0.0,0.0,100.0,100.0,0.0,100.0,100.0,0.0,0.0,100.0,6.0,Total,Estadual
3.2,5.5,,,96.29629629629628,0.0,7.4074074074074066,3.7037037037037033,100.0,3.7037037037037033,66.66666666666666,100.0,5.37037037037037,Urbana,Municipal
2.2,,,,100.0,0.0,50.0,50.0,100.0,0.0,0.0,100.0,9.5,Urbana,Municipal
0.0,,,,100.0,33.33333333333333,33.33333333333333,33.33333333333333,100.0,0.0,33.33333333333333,100.0,9.333333333333334,Urbana,Municipal
0.0,0.0,10.9,25.0,100.0,100.0,100.0,0.0,100.0,0.0,100.0,100.0,13.0,Total,Estadual
0.6,0.7,1.1,2.1,100.0,12.0,44.0,40.0,96.0,0.0,56.00000000000001,32.0,11.24,Urbana,Privada
4.4,7.3,,,100.0,22.22222222222222,33.33333333333333,22.22222222222222,100.0,0.0,0.0,100.0,15.22222222222222,Urbana,Municipal
0.6,1.2,3.3,5.1,100.0,92.0,40.0,60.0,100.0,0.0,4.0,72.0,11.64,Urbana,Total
,,14.8,14.8,100.0,100.0,100.0,100.0,100.0,0.0,0.0,100.0,7.0,Total,Federal
0.2,0.0,0.7,0.0,100.0,55.55555555555556,44.44444444444444,66.66666666666666,100.0,0.0,0.0,22.22222222222222,10.333333333333334,Total,Privada
3.3,7.3,3.4,8.7,100.0,33.33333333333333,66.66666666666666,66.66666666666666,100.0,0.0,0.0,100.0,5.0,Total,Total
0.0,,,,100.0,0.0,0.0,0.0,100.0,0.0,100.0,100.0,5.0,Rural,Municipal
0.0,0.0,0.0,0.0,50.0,0.0,0.0,50.0,100.0,0.0,50.0,50.0,8.0,Urbana,Privada
22.2,25.3,5.2,0.0,100.0,33.33333333333333,33.33333333333333,33.33333333333333,100.0,0.0,0.0,100.0,7.666666666666667,Urbana,Total
8.2,10.2,15.6,23.3,100.0,37.0,43.0,56.00000000000001,100.0,0.0,10.0,60.0,10.64,Total,Total
1.6,3.4,,,100.0,0.0,0.0,20.0,100.0,0.0,0.0,100.0,3.9,Rural,Municipal
5.1,9.3,14.0,19.6,100.0,100.0,33.33333333333333,66.66666666666666,100.0,0.0,0.0,100.0,10.0,Urbana,Estadual
5.8,6.8,6.6,12.4,100.0,30.0,10.0,40.0,100.0,0.0,10.0,100.0,7.3,Urbana,Total
,,1.6,1.8,100.0,100.0,100.0,100.0,100.0,0.0,0.0,100.0,16.0,Urbana,Estadual
0.0,,,,100.0,0.0,0.0,66.66666666666666,100.0,0.0,33.33333333333333,100.0,8.666666666666666,Total,Municipal
,,2.1,2.3,100.0,100.0,100.0,100.0,100.0,0.0,50.0,50.0,8.0,Urbana,Estadual
1.0,1.3,2.7,4.5,100.0,100.0,100.0,100.0,100.0,0.0,0.0,100.0,19.0,Urbana,Estadual
0.2,0.4,0.0,0.0,62.5,0.0,12.5,12.5,93.75,0.0,81.25,100.0,4.3125,Total,Total
,,11.3,16.1,100.0,0.0,100.0,100.0,100.0,0.0,0.0,100.0,15.0,Total,Estadual
5.1,3.7,9.4,15.5,100.0,100.0,25.0,50.0,100.0,0.0,0.0,100.0,8.75,Total,Total
0.2,0.5,7.2,9.2,100.0,66.66666666666666,66.66666666666666,66.66666666666666,100.0,0.0,33.33333333333333,100.0,17.333333333333332,Urbana,Estadual
0.2,,,,100.0,25.0,15.625,28.125,100.0,0.0,68.75,100.0,7.59375,Total,Municipal
5.6,5.7,6.7,5.1,100.0,66.66666666666666,100.0,100.0,100.0,0.0,0.0,100.0,16.333333333333332,Urbana,Estadual
1.5,3.2,3.8,5.5,86.8421052631579,36.84210526315789,36.84210526315789,28.947368421052637,100.0,0.0,34.21052631578947,92.10526315789474,7.2105263157894735,Total,Total
4.8,10.3,0.1,0.0,100.0,33.33333333333333,22.22222222222222,22.22222222222222,100.0,0.0,22.22222222222222,100.0,8.88888888888889,Urbana,Total
,,1.9,0.0,0.0,0.0,100.0,100.0,100.0,0.0,0.0,100.0,13.0,Urbana,Estadual
4.5,8.2,4.7,13.2,100.0,11.11111111111111,33.33333333333333,11.11111111111111,100.0,0.0,44.44444444444444,100.0,3.2222222222222223,Total,Total
5.3,7.5,0.6,0.0,100.0,16.666666666666664,50.0,66.66666666666666,100.0,0.0,0.0,100.0,8.166666666666666,Urbana,Total
5.3,7.8,5.8,9.3,100.0,79.22077922077922,79.22077922077922,64.93506493506493,100.0,0.0,12.987012987012983,98.7012987012987,11.428571428571429,Total,Estadual
3.5,14.6,,,100.0,28.57142857142857,57.14285714285714,14.285714285714285,100.0,0.0,0.0,100.0,7.285714285714286,Total,Municipal
4.9,7.8,1.4,1.2,52.38095238095239,14.285714285714285,4.761904761904762,14.285714285714285,95.23809523809524,9.523809523809524,66.66666666666666,100.0,6.285714285714286,Rural,Total
0.5,0.8,,,90.47619047619048,0.0,14.285714285714285,42.85714285714285,100.0,0.0,57.14285714285714,100.0,7.952380952380952,Urbana,Municipal
0.0,0.0,0.0,0.0,100.0,0.0,33.33333333333333,33.33333333333333,100.0,0.0,33.33333333333333,100.0,6.666666666666667,Total,Total
4.0,5.6,,,70.83333333333334,0.0,0.0,0.0,100.0,4.166666666666666,47.91666666666667,100.0,3.0,Total,Municipal
0.0,,,,100.0,100.0,100.0,50.0,100.0,0.0,0.0,0.0,5.0,Total,Privada
1.6,0.0,,,80.0,20.0,0.0,60.0,100.0,80.0,0.0,100.0,8.2,Rural,Total
9.3,15.1,,,100.0,50.0,25.0,12.5,100.0,0.0,0.0,100.0,7.125,Total,Municipal
11.5,13.8,0.0,,55.970149253731336,0.7462686567164178,3.731343283582089,5.223880597014925,2.238805970149253,21.64179104477612,35.82089552238806,99.25373134328358,3.2238805970149254,Rural,Total
5.1,6.0,,,94.44444444444444,5.555555555555555,0.0,0.0,100.0,0.0,50.0,100.0,2.9444444444444446,Total,Municipal
0.0,,,,100.0,50.0,0.0,50.0,100.0,0.0,0.0,50.0,6.5,Rural,Privada
11.1,13.6,2.3,0.9,50.90909090909091,12.727272727272728,3.636363636363636,7.272727272727272,92.72727272727272,27.27272727272727,87.27272727272727,98.1818181818182,3.7454545454545456,Rural,Total
2.7,2.7,4.2,5.7,100.0,50.0,50.0,50.0,100.0,50.0,0.0,100.0,5.5,Urbana,Estadual
,,1.0,0.0,100.0,0.0,0.0,100.0,100.0,0.0,0.0,100.0,6.0,Total,Estadual
3.1,,,,100.0,77.77777777777779,0.0,88.88888888888889,100.0,0.0,0.0,100.0,8.333333333333334,Rural,Municipal
1.0,,,,100.0,0.0,0.0,0.0,100.0,0.0,0.0,100.0,4.0,Rural,Municipal
,,0.0,0.0,100.0,100.0,100.0,0.0,100.0,0.0,100.0,0.0,7.0,Total,Privada
2.2,2.0,2.5,4.7,100.0,18.75,6.25,12.5,100.0,0.0,0.0,93.75,7.3125,Total,Total
0.4,1.0,,,96.0,16.0,8.0,4.0,100.0,12.0,16.0,100.0,4.16,Rural,Municipal
3.5,6.6,,,85.0,0.0,0.0,2.5,100.0,0.0,95.0,100.0,3.0,Rural,Municipal
0.7,1.6,2.2,3.5,98.85057471264368,6.896551724137931,20.689655172413797,48.27586206896552,98.85057471264368,0.0,32.18390804597701,82.75862068965517,10.79310344827586,Total,Total
7.3,10.8,,,100.0,0.0,20.0,20.0,100.0,0.0,0.0,100.0,4.066666666666666,Rural,Total
4.9,5.8,,,100.0,66.66666666666666,33.33333333333333,33.33333333333333,100.0,0.0,0.0,100.0,11.333333333333334,Urbana,Municipal
0.3,0.7,2.1,0.0,100.0,0.0,33.33333333333333,66.66666666666666,100.0,0.0,66.66666666666666,100.0,10.333333333333334,Urbana,Total
1.5,1.5,1.0,1.4,100.0,12.5,62.5,87.5,100.0,0.0,37.5,100.0,13.75,Total,Estadual
3.0,0.9,,,100.0,14.285714285714285,0.0,0.0,78.57142857142857,0.0,35.714285714285715,100.0,5.285714285714286,Rural,Municipal
0.0,0.0,0.0,0.0,10.0,20.0,60.0,70.0,100.0,0.0,10.0,100.0,7.6,Urbana,Estadual
0.0,,,,100.0,0.0,0.0,0.0,100.0,50.0,50.0,100.0,2.0,Rural,Total
0.2,0.5,4.3,9.1,100.0,66.66666666666666,66.66666666666666,66.66666666666666,100.0,0.0,33.33333333333333,100.0,9.666666666666666,Urbana,Total
1.3,0.7,7.2,8.6,100.0,11.11111111111111,55.55555555555556,55.55555555555556,100.0,0.0,44.44444444444444,77.77777777777779,6.777777777777778,Rural,Total
0.0,0.0,0.0,0.0,100.0,100.0,100.0,100.0,100.0,0.0,0.0,100.0,7.0,Total,Estadual
0.0,0.0,1.5,0.0,100.0,25.0,75.0,100.0,100.0,0.0,0.0,100.0,6.0,Rural,Estadual
0.0,0.0,,,100.0,0.0,0.0,50.0,100.0,0.0,0.0,100.0,16.0,Urbana,Municipal
2.0,3.1,2.1,3.9,86.66666666666667,23.33333333333333,23.33333333333333,16.666666666666664,80.0,33.33333333333333,46.66666666666666,90.0,5.733333333333333,Total,Total
0.8,1.5,3.1,5.3,100.0,46.34146341463415,36.58536585365854,46.34146341463415,100.0,0.0,43.90243902439025,51.21951219512195,15.560975609756095,Total,Privada
0.9,1.2,4.1,2.7,100.0,85.71428571428571,71.42857142857143,71.42857142857143,100.0,0.0,0.0,100.0,4.714285714285714,Total,Total
3.1,,,,100.0,100.0,50.0,100.0,100.0,0.0,0.0,100.0,8.5,Urbana,Municipal
7.7,7.6,,,100.0,33.33333333333333,0.0,33.33333333333333,100.0,0.0,33.33333333333333,100.0,7.666666666666667,Urbana,Municipal
0.0,0.0,3.6,8.3,100.0,100.0,0.0,100.0,100.0,0.0,0.0,0.0,17.0,Rural,Privada
0.0,,,,50.0,0.0,0.0,100.0,100.0,0.0,0.0,100.0,6.0,Rural,Total
,,0.6,0.0,100.0,0.0,0.0,100.0,100.0,0.0,0.0,100.0,6.0,Urbana,Estadual
2.7,5.8,,,100.0,33.33333333333333,33.33333333333333,47.61904761904761,85.71428571428571,0.0,4.761904761904762,95.23809523809524,8.047619047619047,Total,Municipal
0.0,,,,100.0,100.0,0.0,0.0,100.0,0.0,0.0,100.0,5.0,Rural,Municipal
0.3,0.0,0.0,0.0,100.0,16.666666666666664,16.666666666666664,16.666666666666664,100.0,0.0,16.666666666666664,100.0,8.166666666666666,Urbana,Total
0.7,1.2,,,100.0,23.52941176470588,29.411764705882355,23.52941176470588,100.0,0.0,11.76470588235294,100.0,4.117647058823529,Rural,Municipal
1.8,3.9,7.0,12.0,100.0,60.0,20.0,40.0,100.0,20.0,20.0,100.0,6.8,Total,Total
6.2,7.8,,,100.0,0.0,0.0,0.0,100.0,0.0,0.0,100.0,5.5,Urbana,Municipal
0.0,,,,100.0,100.0,0.0,100.0,100.0,0.0,0.0,100.0,3.0,Rural,Total
1.6,2.6,,,100.0,2.5,7.5,32.5,100.0,0.0,22.5,100.0,7.975,Urbana,Municipal
2.3,2.3,,,87.09677419354838,3.225806451612903,6.451612903225806,12.903225806451612,77.41935483870968,9.67741935483871,45.16129032258064,100.0,5.612903225806452,Total,Municipal
0.0,,,,100.0,0.0,0.0,33.33333333333333,100.0,0.0,66.66666666666666,100.0,6.666666666666667,Total,Municipal
3.6,5.8,,,100.0,8.333333333333332,37.5,45.83333333333333,100.0,0.0,4.166666666666666,100.0,9.583333333333334,Urbana,Municipal
2.6,4.7,5.8,8.0,100.0,50.0,37.5,25.0,100.0,0.0,31.25,100.0,7.9375,Total,Total
11.4,,0.0,0.0,100.0,50.0,25.0,50.0,100.0,0.0,0.0,100.0,10.0,Rural,Total
,,0.0,0.0,100.0,100.0,100.0,100.0,100.0,0.0,0.0,100.0,6.0,Urbana,Estadual
7.1,7.1,5.3,7.0,100.0,100.0,100.0,100.0,100.0,0.0,100.0,100.0,8.0,Urbana,Estadual
2.0,,,,100.0,20.0,0.0,20.0,100.0,0.0,40.0,100.0,3.6,Rural,Municipal
0.3,0.6,1.3,3.1,100.0,50.0,75.0,75.0,100.0,0.0,0.0,75.0,6.75,Total,Privada
1.1,2.1,6.3,9.0,68.42105263157895,36.84210526315789,23.684210526315788,18.421052631578945,97.36842105263158,0.0,63.1578947368421,84.21052631578947,5.5,Total,Total
5.9,8.8,,,77.77777777777779,7.4074074074074066,7.4074074074074066,37.03703703703704,88.88888888888889,3.7037037037037033,40.74074074074074,100.0,4.777777777777778,Total,Municipal
1.8,1.8,7.1,3.6,100.0,100.0,100.0,100.0,100.0,0.0,0.0,100.0,8.0,Urbana,Estadual
0.0,,,,100.0,50.0,50.0,50.0,100.0,0.0,25.0,75.0,8.75,Urbana,Privada
,,2.8,5.1,100.0,100.0,100.0,100.0,100.0,0.0,50.0,100.0,13.5,Total,Estadual
1.5,0.5,2.4,1.2,100.0,50.0,62.5,62.5,100.0,0.0,12.5,75.0,11.125,Total,Total
,,2.2,3.0,100.0,100.0,100.0,0.0,100.0,0.0,100.0,100.0,8.0,Urbana,Estadual
2.2,3.4,0.0,0.0,100.0,33.33333333333333,0.0,33.33333333333333,100.0,0.0,66.66666666666666,33.33333333333333,9.666666666666666,Total,Privada
6.4,,,,98.85057471264368,32.18390804597701,45.97701149425287,24.13793103448276,100.0,0.0,6.896551724137931,100.0,9.57471264367816,Urbana,Municipal
1.1,2.3,,,100.0,0.0,0.0,100.0,100.0,0.0,0.0,0.0,16.0,Urbana,Privada
2.6,,,,66.66666666666666,0.0,66.66666666666666,66.66666666666666,100.0,0.0,33.33333333333333,100.0,6.666666666666667,Rural,Municipal
0.0,,,,90.9090909090909,18.181818181818183,0.0,45.45454545454545,100.0,0.0,18.181818181818183,100.0,10.818181818181818,Total,Municipal
0.4,0.3,0.0,0.0,90.47619047619048,28.57142857142857,52.38095238095239,14.285714285714285,100.0,0.0,0.0,100.0,4.380952380952381,Rural,Municipal
0.0,0.0,1.1,0.0,100.0,33.33333333333333,100.0,66.66666666666666,100.0,0.0,33.33333333333333,33.33333333333333,12.666666666666666,Total,Privada
,,4.3,4.1,100.0,100.0,100.0,100.0,100.0,0.0,100.0,100.0,8.0,Total,Estadual
10.6,19.3,,,100.0,0.0,14.285714285714285,21.428571428571427,100.0,0.0,21.428571428571427,100.0,5.142857142857143,Rural,Municipal
0.0,,,,100.0,50.0,50.0,50.0,100.0,0.0,0.0,50.0,6.0,Total,Privada
0.0,0.0,,,100.0,33.33333333333333,33.33333333333333,33.33333333333333,100.0,0.0,33.33333333333333,66.66666666666666,8.0,Urbana,Privada
2.9,4.3,,,100.0,82.35294117647058,23.52941176470588,29.411764705882355,100.0,0.0,29.411764705882355,100.0,6.529411764705882,Urbana,Municipal
1.2,2.6,0.0,0.0,100.0,12.5,12.5,12.5,100.0,0.0,25.0,100.0,6.5,Total,Total
1.0,3.4,,,100.0,100.0,100.0,100.0,100.0,0.0,100.0,100.0,7.0,Rural,Municipal
0.5,,,,66.66666666666666,33.33333333333333,0.0,16.666666666666664,100.0,0.0,50.0,16.666666666666664,4.0,Total,Privada
1.5,2.3,4.4,4.9,89.47368421052632,94.73684210526316,57.89473684210527,63.1578947368421,100.0,0.0,47.368421052631575,94.73684210526316,10.105263157894736,Urbana,Estadual
0.0,0.0,0.8,0.0,100.0,100.0,0.0,0.0,100.0,0.0,0.0,100.0,4.0,Total,Estadual
0.0,0.0,0.0,0.0,100.0,100.0,0.0,0.0,100.0,0.0,0.0,100.0,9.0,Urbana,Estadual
,,4.3,9.2,100.0,100.0,100.0,100.0,100.0,0.0,0.0,100.0,7.0,Urbana,Estadual
3.8,5.8,4.8,3.8,100.0,60.0,40.0,60.0,100.0,0.0,0.0,100.0,8.4,Total,Total
1.0,1.1,2.0,4.1,100.0,64.70588235294117,29.411764705882355,82.35294117647058,100.0,0.0,23.52941176470588,52.94117647058824,13.352941176470589,Urbana,Privada
,,0.7,0.5,100.0,100.0,0.0,100.0,100.0,0.0,0.0,100.0,20.0,Urbana,Estadual
0.0,0.0,0.0,0.0,100.0,100.0,100.0,100.0,100.0,0.0,0.0,100.0,10.0,Urbana,Estadual
,,4.2,7.9,100.0,100.0,100.0,100.0,100.0,0.0,0.0,0.0,8.0,Urbana,Federal
5.5,9.0,,,100.0,21.73913043478261,4.3478260869565215,10.869565217391305,100.0,0.0,10.869565217391305,100.0,3.608695652173913,Total,Municipal
0.5,0.0,,,100.0,100.0,0.0,0.0,100.0,0.0,0.0,0.0,9.0,Total,Privada
,,2.6,3.4,100.0,100.0,100.0,100.0,100.0,0.0,0.0,100.0,13.0,Total,Estadual
3.5,4.4,,,100.0,100.0,100.0,100.0,100.0,0.0,0.0,100.0,6.0,Rural,Municipal
0.3,0.4,0.6,1.5,100.0,11.50442477876106,7.964601769911504,7.964601769911504,95.57522123893806,0.0,78.76106194690266,5.3097345132743365,8.415929203539823,Total,Privada
0.0,,,,100.0,100.0,0.0,0.0,100.0,0.0,0.0,0.0,6.0,Total,Privada
,,0.3,0.9,100.0,100.0,100.0,100.0,100.0,0.0,0.0,100.0,9.0,Rural,Estadual
0.0,,,,100.0,0.0,0.0,0.0,100.0,0.0,100.0,100.0,6.0,Rural,Total
3.1,5.9,,,87.5,37.5,12.5,37.5,100.0,0.0,37.5,100.0,6.5,Total,Municipal
0.0,0.0,,,100.0,100.0,0.0,0.0,100.0,0.0,50.0,0.0,6.0,Urbana,Privada
10.9,15.8,,,100.0,0.0,9.090909090909092,9.090909090909092,100.0,0.0,9.090909090909092,100.0,5.454545454545454,Rural,Municipal
1.3,2.7,,,95.45454545454544,22.727272727272727,40.909090909090914,9.090909090909092,95.45454545454544,0.0,9.090909090909092,100.0,8.045454545454545,Urbana,Municipal
4.5,5.6,,,100.0,33.33333333333333,0.0,0.0,100.0,0.0,0.0,100.0,8.333333333333334,Urbana,Municipal
8.2,10.6,,,100.0,28.57142857142857,14.285714285714285,28.57142857142857,100.0,0.0,71.42857142857143,100.0,7.857142857142857,Urbana,Municipal
,,1.8,3.9,100.0,100.0,0.0,0.0,100.0,0.0,100.0,100.0,20.0,Total,Estadual
1.7,2.8,,,100.0,58.620689655172406,60.91954022988506,51.72413793103448,100.0,0.0,35.63218390804598,100.0,11.781609195402298,Total,Municipal
7.6,8.5,0.0,0.0,100.0,100.0,0.0,0.0,100.0,0.0,0.0,100.0,4.333333333333333,Rural,Estadual
,,0.6,0.0,100.0,100.0,0.0,100.0,100.0,0.0,0.0,100.0,8.0,Urbana,Estadual
0.5,0.9,4.2,3.7,100.0,54.0,26.0,68.0,100.0,0.0,32.0,86.0,10.92,Urbana,Total
6.0,6.5,,,100.0,0.0,0.0,0.0,100.0,20.0,30.0,100.0,5.3,Total,Municipal
0.2,0.5,1.5,2.6,99.04761904761904,34.285714285714285,21.26984126984127,48.888888888888886,99.04761904761904,0.0,56.19047619047619,79.04761904761905,10.92063492063492,Total,Total
8.2,15.2,,,100.0,25.0,50.0,50.0,100.0,0.0,0.0,100.0,11.25,Urbana,Municipal
2.6,4.3,2.7,2.7,77.77777777777779,23.61111111111111,13.194444444444445,13.88888888888889,59.02777777777778,20.13888888888889,69.44444444444444,95.13888888888889,6.166666666666667,Total,Total
6.8,7.1,19.2,29.2,100.0,4.3478260869565215,17.391304347826086,43.47826086956522,100.0,0.0,39.130434782608695,100.0,7.434782608695652,Total,Municipal
4.3,4.7,3.9,6.2,100.0,100.0,100.0,0.0,100.0,0.0,66.66666666666666,100.0,7.666666666666667,Total,Estadual
9.4,8.5,,,100.0,0.0,50.0,100.0,100.0,0.0,100.0,100.0,8.5,Rural,Municipal
,,7.0,17.4,100.0,100.0,100.0,100.0,100.0,0.0,0.0,100.0,4.0,Total,Estadual
3.9,,,,100.0,100.0,0.0,25.0,100.0,0.0,0.0,100.0,10.75,Urbana,Municipal
1.7,1.7,1.8,1.1,100.0,100.0,100.0,100.0,100.0,0.0,0.0,100.0,10.0,Total,Estadual
0.0,,,,100.0,0.0,0.0,0.0,100.0,0.0,0.0,100.0,2.0,Rural,Municipal
17.5,23.1,,,100.0,12.5,25.0,12.5,100.0,0.0,6.25,100.0,5.625,Urbana,Municipal
17.2,32.0,18.5,36.4,100.0,16.666666666666664,0.0,16.666666666666664,100.0,0.0,33.33333333333333,100.0,7.166666666666667,Total,Total
1.2,2.6,1.4,1.9,100.0,14.583333333333334,52.083333333333336,39.58333333333333,100.0,0.0,54.16666666666666,87.5,10.5625,Total,Total
0.0,,,,76.92307692307693,0.0,7.6923076923076925,7.6923076923076925,100.0,0.0,46.15384615384615,100.0,6.0,Rural,Total
,,0.0,0.0,0.0,0.0,0.0,0.0,100.0,0.0,100.0,100.0,3.0,Total,Privada
10.6,10.7,2.6,6.7,66.66666666666666,25.0,8.333333333333332,8.333333333333332,100.0,0.0,75.0,100.0,4.333333333333333,Rural,Total
0.2,0.4,1.6,3.4,100.0,30.0,50.0,60.0,100.0,0.0,0.0,100.0,6.1,Total,Total
1.5,1.7,,,100.0,33.33333333333333,33.33333333333333,33.33333333333333,100.0,0.0,0.0,100.0,7.333333333333333,Urbana,Municipal
12.9,13.6,5.5,2.4,61.36363636363637,34.090909090909086,11.363636363636363,6.8181818181818175,97.72727272727272,34.090909090909086,61.36363636363637,95.45454545454544,6.204545454545454,Total,Total
1.0,2.6,,,100.0,0.0,21.052631578947366,31.57894736842105,100.0,5.263157894736842,10.526315789473683,100.0,11.473684210526317,Urbana,Municipal
0.0,0.0,0.0,0.0,100.0,71.42857142857143,14.285714285714285,71.42857142857143,100.0,0.0,7.142857142857142,92.85714285714286,9.714285714285714,Total,Total
3.0,5.8,,,100.0,25.0,25.0,25.0,100.0,0.0,0.0,100.0,7.5,Urbana,Municipal
,,4.9,7.0,75.0,50.0,25.0,25.0,100.0,0.0,25.0,100.0,8.0,Total,Estadual
5.0,7.8,1.6,4.8,100.0,33.33333333333333,33.33333333333333,0.0,100.0,0.0,66.66666666666666,100.0,5.333333333333333,Urbana,Total
10.9,7.4,8.0,13.2,80.0,80.0,80.0,0.0,100.0,0.0,60.0,100.0,4.8,Rural,Estadual
4.5,5.5,7.0,12.6,100.0,21.568627450980397,23.52941176470588,43.13725490196079,100.0,0.0,25.49019607843137,80.3921568627451,9.352941176470589,Total,Total
0.0,,,,100.0,0.0,0.0,0.0,100.0,0.0,0.0,0.0,8.0,Total,Privada
1.5,1.7,,,100.0,75.0,25.0,0.0,100.0,0.0,25.0,25.0,7.75,Total,Privada
0.0,0.0,6.6,12.8,100.0,20.0,60.0,20.0,100.0,0.0,0.0,80.0,9.0,Urbana,Total
1.0,1.9,1.7,6.5,100.0,56.52173913043478,8.695652173913043,26.08695652173913,100.0,0.0,26.08695652173913,95.65217391304348,5.217391304347826,Rural,Total
7.6,6.0,,,100.0,0.0,14.285714285714285,14.285714285714285,100.0,0.0,42.85714285714285,100.0,5.571428571428571,Urbana,Municipal
2.1,2.7,,,56.52173913043478,13.043478260869565,13.043478260869565,17.391304347826086,100.0,17.391304347826086,47.82608695652174,100.0,4.739130434782608,Total,Municipal
2.6,6.1,,,100.0,100.0,100.0,100.0,100.0,0.0,0.0,100.0,7.0,Rural,Municipal
0.0,0.0,0.0,0.0,100.0,20.0,40.0,20.0,100.0,0.0,80.0,100.0,9.6,Total,Total
,,1.7,6.5,100.0,100.0,0.0,100.0,100.0,0.0,0.0,100.0,5.0,Rural,Estadual
2.6,2.6,1.6,0.9,100.0,0.0,100.0,100.0,100.0,0.0,0.0,100.0,11.0,Urbana,Estadual
2.8,2.8,3.7,6.6,100.0,80.0,80.0,60.0,100.0,0.0,20.0,100.0,9.8,Total,Estadual
8.2,11.8,4.8,6.6,100.0,60.0,80.0,20.0,100.0,0.0,40.0,80.0,7.8,Urbana,Estadual
0.0,0.0,,,100.0,100.0,100.0,50.0,100.0,0.0,0.0,100.0,4.0,Rural,Estadual
0.7,1.1,1.6,3.4,100.0,10.526315789473683,43.85964912280701,43.85964912280701,100.0,0.0,33.33333333333333,85.96491228070175,10.263157894736842,Urbana,Total
0.0,0.0,,,100.0,0.0,0.0,0.0,100.0,0.0,0.0,50.0,5.0,Urbana,Privada
0.0,0.0,4.0,0.0,100.0,100.0,100.0,100.0,100.0,0.0,0.0,0.0,11.0,Total,Privada
0.0,,,,100.0,0.0,0.0,0.0,100.0,0.0,33.33333333333333,100.0,7.0,Total,Municipal
4.6,3.7,2.1,3.1,100.0,66.66666666666666,83.33333333333334,100.0,100.0,0.0,16.666666666666664,100.0,12.166666666666666,Urbana,Estadual
,,4.8,,100.0,100.0,100.0,0.0,100.0,0.0,0.0,0.0,10.0,Total,Federal
0.2,,,,100.0,28.57142857142857,42.85714285714285,42.85714285714285,100.0,0.0,28.57142857142857,100.0,7.428571428571429,Urbana,Municipal
,,1.4,1.0,100.0,100.0,100.0,0.0,100.0,0.0,0.0,0.0,7.0,Urbana,Federal
0.0,0.0,,,100.0,100.0,50.0,50.0,100.0,0.0,0.0,0.0,11.5,Total,Privada
0.9,0.4,1.5,1.6,57.14285714285714,0.0,28.57142857142857,57.14285714285714,100.0,0.0,71.42857142857143,57.14285714285714,8.714285714285714,Total,Total
0.0,,,,100.0,50.0,0.0,50.0,100.0,0.0,0.0,100.0,6.0,Urbana,Municipal
11.1,9.5,,,100.0,0.0,0.0,10.0,100.0,10.0,70.0,100.0,1.9,Rural,Total
,,0.0,0.0,100.0,100.0,100.0,0.0,100.0,0.0,0.0,0.0,18.0,Urbana,Federal
6.5,7.5,,,53.48837209302325,4.651162790697675,2.3255813953488373,18.6046511627907,87.20930232558139,0.0,5.813953488372093,100.0,6.546511627906977,Total,Municipal
,,0.0,0.0,100.0,100.0,0.0,0.0,100.0,0.0,0.0,100.0,5.0,Urbana,Estadual
0.9,0.6,,,100.0,100.0,50.0,75.0,100.0,0.0,25.0,100.0,5.75,Rural,Municipal
11.6,3.9,,,100.0,0.0,50.0,100.0,100.0,0.0,0.0,100.0,10.0,Rural,Total
4.6,6.5,,,100.0,66.66666666666666,44.44444444444444,66.66666666666666,100.0,0.0,33.33333333333333,100.0,9.22222222222222,Total,Municipal
6.1,,,,100.0,14.285714285714285,0.0,14.285714285714285,100.0,0.0,0.0,100.0,6.0,Total,Municipal
6.5,10.2,11.1,21.8,100.0,40.0,23.33333333333333,30.0,100.0,0.0,6.666666666666667,86.66666666666667,9.266666666666667,Urbana,Total
1.5,2.8,,,100.0,33.33333333333333,0.0,33.33333333333333,100.0,0.0,0.0,100.0,4.666666666666667,Urbana,Municipal
4.3,4.3,3.8,4.8,100.0,71.42857142857143,42.85714285714285,100.0,100.0,0.0,0.0,100.0,14.0,Urbana,Estadual
3.5,4.7,,,100.0,25.0,17.5,55.00000000000001,100.0,0.0,17.5,100.0,12.725,Total,Municipal
1.6,0.0,,,100.0,33.33333333333333,33.33333333333333,66.66666666666666,100.0,0.0,0.0,100.0,4.333333333333333,Rural,Total
1.0,,,,100.0,66.66666666666666,100.0,33.33333333333333,100.0,0.0,0.0,100.0,10.333333333333334,Urbana,Municipal
0.6,1.4,,,100.0,66.66666666666666,0.0,0.0,100.0,0.0,33.33333333333333,33.33333333333333,9.666666666666666,Total,Privada
,,6.8,9.2,100.0,100.0,100.0,100.0,100.0,0.0,0.0,100.0,4.0,Rural,Privada
,,0.6,0.0,100.0,100.0,100.0,100.0,100.0,0.0,0.0,100.0,12.0,Total,Federal
5.8,10.7,,,100.0,41.66666666666667,25.0,33.33333333333333,100.0,0.0,16.666666666666664,100.0,5.333333333333333,Total,Municipal
5.5,10.7,,,91.17647058823528,17.647058823529413,20.588235294117645,73.52941176470588,100.0,5.88235294117647,64.70588235294117,100.0,6.117647058823529,Total,Municipal
0.0,0.0,0.0,0.0,100.0,0.0,0.0,100.0,100.0,0.0,0.0,100.0,11.0,Urbana,Estadual
,,0.0,0.0,100.0,100.0,100.0,100.0,100.0,0.0,0.0,100.0,14.0,Total,Estadual
0.6,0.5,0.9,0.0,100.0,26.666666666666668,50.0,53.333333333333336,96.66666666666669,0.0,26.666666666666668,76.66666666666667,12.1,Urbana,Total
0.2,0.4,0.6,1.5,100.0,100.0,53.84615384615385,61.53846153846154,100.0,0.0,7.6923076923076925,38.46153846153847,10.923076923076923,Total,Privada
5.6,10.1,,,100.0,33.33333333333333,0.0,33.33333333333333,100.0,0.0,0.0,100.0,9.0,Urbana,Municipal
0.5,0.0,,,100.0,33.33333333333333,0.0,0.0,100.0,0.0,0.0,33.33333333333333,6.666666666666667,Total,Privada
,,6.4,6.9,100.0,100.0,100.0,0.0,100.0,0.0,0.0,0.0,12.0,Total,Federal
0.9,1.6,3.0,5.9,98.88888888888889,82.22222222222221,45.55555555555556,51.11111111111111,100.0,0.0,5.555555555555555,3.333333333333333,12.022222222222222,Urbana,Privada
3.9,6.0,5.9,10.1,100.0,62.16216216216216,43.24324324324324,43.24324324324324,100.0,0.0,2.702702702702702,97.2972972972973,9.216216216216216,Urbana,Total
0.4,0.0,0.0,0.0,100.0,0.0,50.0,50.0,100.0,0.0,50.0,66.66666666666666,10.166666666666666,Urbana,Privada
7.6,7.3,8.7,7.0,100.0,30.0,50.0,80.0,100.0,0.0,10.0,90.0,9.8,Total,Total
8.1,,,,100.0,20.0,0.0,40.0,100.0,0.0,40.0,100.0,7.2,Total,Municipal
7.7,10.2,,,80.0,0.0,60.0,20.0,100.0,0.0,0.0,100.0,6.8,Total,Municipal
1.2,0.0,0.0,0.0,100.0,0.0,0.0,0.0,100.0,0.0,0.0,100.0,8.0,Rural,Estadual
0.0,0.0,0.0,0.0,100.0,0.0,75.0,25.0,100.0,0.0,100.0,50.0,9.5,Urbana,Privada
,,6.3,9.4,100.0,100.0,100.0,100.0,100.0,0.0,0.0,100.0,13.0,Urbana,Estadual
1.9,1.9,2.0,2.4,100.0,0.0,0.0,100.0,100.0,0.0,0.0,100.0,13.0,Urbana,Estadual
0.0,0.0,0.0,0.0,100.0,0.0,25.0,75.0,100.0,0.0,25.0,100.0,18.75,Total,Total
15.9,15.9,8.8,13.1,88.88888888888889,0.0,33.33333333333333,22.22222222222222,77.77777777777779,11.11111111111111,22.22222222222222,100.0,9.555555555555555,Total,Estadual
0.0,0.0,0.0,0.0,100.0,14.285714285714285,35.714285714285715,14.285714285714285,100.0,0.0,57.14285714285714,100.0,3.357142857142857,Rural,Total
1.7,4.0,,,100.0,27.27272727272727,18.181818181818183,18.181818181818183,100.0,0.0,27.27272727272727,100.0,12.727272727272728,Urbana,Municipal
15.8,20.2,19.3,24.2,80.55555555555556,8.333333333333332,5.555555555555555,2.7777777777777777,100.0,0.0,97.2222222222222,100.0,2.2777777777777777,Rural,Estadual
0.0,0.0,,,100.0,75.0,75.0,50.0,100.0,25.0,0.0,100.0,2.5,Rural,Total
21.7,21.7,13.5,22.1,100.0,100.0,50.0,0.0,100.0,0.0,0.0,100.0,8.5,Total,Estadual
5.4,8.0,1.6,2.1,100.0,36.36363636363637,18.181818181818183,18.181818181818183,100.0,0.0,9.090909090909092,72.72727272727273,8.909090909090908,Urbana,Total
7.5,2.8,3.8,5.8,100.0,66.66666666666666,33.33333333333333,66.66666666666666,100.0,0.0,0.0,100.0,9.333333333333334,Urbana,Total
0.0,0.0,,,100.0,0.0,0.0,66.66666666666666,100.0,0.0,0.0,100.0,5.666666666666667,Rural,Municipal
,,19.0,20.5,100.0,0.0,100.0,100.0,100.0,0.0,0.0,0.0,6.0,Total,Federal
0.4,0.4,0.9,2.1,100.0,100.0,100.0,100.0,100.0,0.0,0.0,100.0,9.0,Urbana,Estadual
3.2,6.4,,,100.0,100.0,0.0,50.0,100.0,0.0,0.0,100.0,7.5,Rural,Municipal
0.0,0.0,,,100.0,33.33333333333333,11.11111111111111,11.11111111111111,100.0,0.0,0.0,100.0,12.333333333333334,Urbana,Municipal
2.2,4.2,5.7,10.6,100.0,33.33333333333333,0.0,66.66666666666666,100.0,0.0,0.0,100.0,10.0,Urbana,Total
13.3,21.0,,,81.25,25.0,50.0,31.25,100.0,0.0,37.5,100.0,6.0,Total,Municipal
2.4,2.9,1.9,2.4,100.0,88.88888888888889,11.11111111111111,33.33333333333333,100.0,0.0,5.555555555555555,77.77777777777779,7.166666666666667,Total,Total
0.0,,,,100.0,100.0,0.0,0.0,100.0,0.0,0.0,0.0,6.0,Urbana,Privada
0.0,0.0,0.0,0.0,100.0,15.384615384615383,23.07692307692308,30.76923076923077,100.0,0.0,23.07692307692308,84.61538461538461,6.461538461538462,Total,Total
3.5,5.8,12.6,22.3,100.0,56.60377358490566,47.16981132075472,28.30188679245283,100.0,1.8867924528301887,3.7735849056603774,69.81132075471697,10.037735849056604,Urbana,Total
0.2,0.7,,,100.0,20.0,40.0,20.0,100.0,0.0,20.0,100.0,6.8,Total,Municipal
7.1,15.3,,,100.0,100.0,100.0,0.0,100.0,0.0,0.0,0.0,9.0,Rural,Privada
7.3,4.9,8.3,13.5,100.0,70.0,30.0,30.0,100.0,0.0,0.0,80.0,7.3,Urbana,Total
0.0,0.0,0.3,0.0,100.0,16.666666666666664,33.33333333333333,50.0,100.0,0.0,0.0,33.33333333333333,18.166666666666668,Total,Privada
0.6,0.0,0.0,0.0,100.0,75.0,75.0,100.0,100.0,0.0,0.0,25.0,10.75,Total,Privada
7.9,,,,100.0,40.0,20.0,40.0,100.0,0.0,0.0,100.0,7.2,Urbana,Municipal
0.2,0.3,0.0,0.0,100.0,66.66666666666666,83.33333333333334,50.0,100.0,0.0,50.0,0.0,12.333333333333334,Total,Privada
0.0,,,,100.0,100.0,50.0,100.0,100.0,0.0,0.0,100.0,6.0,Total,Municipal
,,0.2,0.2,100.0,100.0,100.0,100.0,100.0,0.0,0.0,100.0,23.5,Urbana,Estadual
8.3,10.7,12.6,20.0,98.22222222222224,68.0,38.22222222222222,39.55555555555556,100.0,0.0,21.77777777777777,67.55555555555556,10.462222222222222,Urbana,Total
0.3,0.6,0.0,0.0,100.0,100.0,100.0,100.0,100.0,0.0,0.0,0.0,15.0,Total,Privada
12.6,14.8,,,100.0,50.0,3.8461538461538463,38.46153846153847,96.15384615384616,0.0,23.07692307692308,100.0,11.038461538461538,Urbana,Municipal
6.8,11.4,3.4,7.5,100.0,66.66666666666666,33.33333333333333,33.33333333333333,100.0,0.0,0.0,100.0,9.333333333333334,Urbana,Total
2.5,,,,100.0,33.33333333333333,33.33333333333333,66.66666666666666,100.0,0.0,0.0,100.0,9.0,Total,Municipal
0.0,0.0,,,100.0,0.0,0.0,0.0,100.0,0.0,100.0,100.0,4.0,Rural,Estadual
0.0,0.0,0.0,0.0,33.33333333333333,16.666666666666664,16.666666666666664,16.666666666666664,16.666666666666664,0.0,66.66666666666666,100.0,6.0,Rural,Total
,,5.6,9.2,100.0,60.0,40.0,40.0,100.0,20.0,0.0,100.0,9.4,Total,Estadual
0.6,0.6,2.4,1.2,100.0,100.0,100.0,100.0,100.0,0.0,0.0,100.0,15.0,Urbana,Estadual
0.0,0.0,,,100.0,0.0,25.806451612903224,22.58064516129032,100.0,0.0,3.225806451612903,100.0,3.774193548387097,Rural,Municipal
3.0,5.7,3.9,6.6,100.0,20.0,60.0,40.0,100.0,0.0,20.0,100.0,8.8,Urbana,Total
2.5,,,,100.0,16.666666666666664,0.0,35.714285714285715,100.0,0.0,9.523809523809524,100.0,8.880952380952381,Urbana,Municipal
3.7,7.9,10.0,4.2,83.33333333333334,13.333333333333334,6.666666666666667,30.0,100.0,0.0,20.0,96.66666666666669,5.966666666666667,Total,Total
1.5,2.1,5.7,7.3,100.0,46.540880503144656,23.270440251572328,54.71698113207547,100.0,1.257861635220126,1.8867924528301887,83.64779874213836,10.716981132075473,Urbana,Total
2.2,2.3,9.0,9.7,100.0,66.66666666666666,100.0,100.0,100.0,0.0,0.0,100.0,9.333333333333334,Total,Estadual
0.0,,,,0.0,0.0,0.0,0.0,100.0,0.0,100.0,0.0,8.0,Urbana,Privada
0.6,0.5,2.4,5.6,100.0,75.0,50.0,50.0,100.0,0.0,0.0,50.0,12.25,Total,Privada
5.9,4.5,7.4,14.8,100.0,100.0,50.0,50.0,100.0,0.0,100.0,100.0,6.0,Total,Estadual
1.5,3.6,16.4,14.6,100.0,66.66666666666666,33.33333333333333,66.66666666666666,100.0,0.0,33.33333333333333,100.0,8.666666666666666,Total,Total
6.3,10.6,16.9,24.5,100.0,37.93103448275862,31.03448275862069,41.37931034482759,100.0,0.0,10.344827586206897,96.55172413793105,8.0,Urbana,Total
0.8,1.7,,,100.0,45.45454545454545,9.090909090909092,9.090909090909092,81.81818181818183,0.0,54.54545454545454,100.0,6.181818181818182,Total,Municipal
2.3,5.7,,,100.0,50.0,50.0,0.0,100.0,0.0,0.0,100.0,8.0,Urbana,Municipal
4.2,1.4,0.0,0.0,50.0,0.0,0.0,0.0,75.0,25.0,50.0,100.0,4.25,Rural,Estadual
0.0,0.0,4.2,3.8,100.0,100.0,100.0,0.0,100.0,0.0,0.0,100.0,10.0,Total,Estadual
2.1,3.0,,,100.0,10.869565217391305,30.434782608695656,52.17391304347826,100.0,0.0,36.95652173913043,100.0,10.369565217391305,Urbana,Municipal
0.0,,,,100.0,100.0,100.0,100.0,100.0,0.0,0.0,100.0,5.0,Rural,Municipal
0.0,0.0,0.0,0.0,100.0,50.0,0.0,100.0,100.0,0.0,0.0,100.0,10.5,Rural,Estadual
3.1,6.3,0.0,0.0,100.0,25.0,75.0,25.0,100.0,0.0,0.0,100.0,6.75,Urbana,Total
7.9,11.3,12.5,15.8,100.0,62.82051282051282,35.8974358974359,48.71794871794872,97.43589743589745,0.0,12.82051282051282,93.5897435897436,15.538461538461538,Urbana,Total
4.7,6.8,8.3,14.5,60.0,0.0,20.0,60.0,100.0,0.0,60.0,100.0,8.8,Urbana,Total
13.2,13.2,2.2,3.8,100.0,100.0,100.0,0.0,100.0,0.0,0.0,100.0,6.0,Urbana,Estadual
9.4,14.0,,,90.0,90.0,70.0,20.0,100.0,0.0,0.0,100.0,6.4,Rural,Municipal
1.1,0.0,0.0,,100.0,100.0,0.0,100.0,100.0,0.0,0.0,0.0,10.0,Total,Privada
0.2,0.2,0.3,0.3,100.0,83.33333333333334,33.33333333333333,66.66666666666666,100.0,0.0,16.666666666666664,100.0,16.666666666666668,Urbana,Estadual
6.4,7.5,,,50.0,14.285714285714285,0.0,0.0,71.42857142857143,7.142857142857142,28.57142857142857,100.0,2.7142857142857144,Rural,Total
8.1,11.5,13.9,21.2,91.66666666666666,91.66666666666666,66.66666666666666,66.66666666666666,100.0,0.0,0.0,91.66666666666666,12.416666666666666,Urbana,Estadual
10.3,15.1,,,100.0,100.0,100.0,100.0,100.0,0.0,0.0,100.0,17.0,Rural,Municipal
0.1,0.1,,,100.0,0.0,0.0,33.33333333333333,100.0,0.0,22.22222222222222,100.0,10.444444444444445,Urbana,Municipal
10.2,9.5,1.6,3.5,100.0,0.0,0.0,50.0,100.0,0.0,25.0,100.0,5.75,Urbana,Total
8.6,,,,15.789473684210526,0.0,0.0,0.0,100.0,0.0,100.0,100.0,1.368421052631579,Rural,Municipal
5.6,5.1,,,100.0,40.0,20.0,40.0,100.0,0.0,0.0,100.0,5.6,Rural,Municipal
7.6,17.4,,,75.0,12.5,0.0,0.0,100.0,12.5,87.5,100.0,1.75,Rural,Municipal
6.0,4.3,,,100.0,8.333333333333332,0.0,50.0,100.0,0.0,16.666666666666664,100.0,9.333333333333334,Urbana,Municipal
0.1,0.0,0.5,0.0,100.0,100.0,75.0,75.0,100.0,0.0,25.0,75.0,9.5,Urbana,Total
,,0.0,0.0,100.0,100.0,100.0,66.66666666666666,100.0,0.0,0.0,100.0,13.0,Total,Estadual
6.7,6.7,7.0,18.2,100.0,100.0,100.0,100.0,100.0,0.0,0.0,100.0,10.0,Urbana,Estadual
6.1,10.3,,,100.0,16.666666666666664,0.0,33.33333333333333,100.0,0.0,0.0,100.0,5.0,Rural,Total
0.0,0.0,6.8,7.6,100.0,100.0,100.0,75.0,100.0,0.0,0.0,100.0,11.25,Urbana,Estadual
0.0,0.0,1.7,2.4,100.0,100.0,100.0,100.0,100.0,0.0,0.0,100.0,11.0,Urbana,Estadual
4.4,6.8,,,100.0,6.896551724137931,48.27586206896552,55.172413793103445,100.0,0.0,13.79310344827586,100.0,8.0,Total,Municipal
0.8,1.8,1.1,2.4,100.0,8.333333333333332,58.333333333333336,41.66666666666667,100.0,0.0,41.66666666666667,83.33333333333334,9.25,Total,Total
1.4,,,,100.0,0.0,0.0,33.33333333333333,100.0,0.0,0.0,100.0,10.666666666666666,Urbana,Municipal
2.1,4.5,0.0,0.0,100.0,33.33333333333333,66.66666666666666,0.0,100.0,0.0,0.0,100.0,6.666666666666667,Total,Total
,,4.0,5.3,100.0,100.0,100.0,100.0,100.0,0.0,0.0,100.0,33.0,Rural,Federal
0.0,0.0,0.0,0.0,100.0,100.0,50.0,100.0,100.0,0.0,0.0,100.0,3.5,Total,Estadual
6.0,12.3,,,100.0,78.68852459016394,33.60655737704918,50.81967213114754,100.0,0.0,1.639344262295082,100.0,12.01639344262295,Total,Municipal
,,0.0,0.0,100.0,0.0,100.0,0.0,100.0,0.0,0.0,100.0,4.0,Total,Estadual
0.4,,,,100.0,0.0,30.0,30.0,100.0,0.0,0.0,100.0,6.7,Urbana,Municipal
9.9,8.4,,,100.0,66.66666666666666,0.0,66.66666666666666,100.0,0.0,0.0,100.0,7.666666666666667,Rural,Total
0.4,0.7,1.8,3.6,100.0,0.0,28.947368421052637,31.57894736842105,100.0,0.0,55.26315789473685,92.10526315789474,9.394736842105264,Total,Total
0.3,0.4,0.6,0.0,66.66666666666666,83.33333333333334,83.33333333333334,66.66666666666666,100.0,0.0,33.33333333333333,83.33333333333334,13.166666666666666,Urbana,Estadual
0.0,0.0,,,100.0,66.66666666666666,33.33333333333333,0.0,100.0,0.0,0.0,33.33333333333333,8.666666666666666,Urbana,Privada
1.8,4.0,,,95.0,25.0,5.0,5.0,100.0,0.0,25.0,100.0,4.1,Total,Municipal
0.2,0.3,0.0,0.0,100.0,15.789473684210526,23.684210526315788,44.73684210526316,100.0,0.0,26.31578947368421,92.10526315789474,6.368421052631579,Total,Total
14.3,19.0,,,100.0,80.0,20.0,40.0,100.0,0.0,0.0,100.0,7.6,Rural,Municipal
2.8,3.2,7.1,10.1,78.26086956521739,0.0,4.3478260869565215,0.0,100.0,17.391304347826086,82.6086956521739,100.0,3.608695652173913,Rural,Total
,,1.7,0.0,100.0,0.0,100.0,0.0,100.0,0.0,0.0,100.0,5.0,Total,Estadual
7.1,7.5,8.3,11.7,88.88888888888889,77.77777777777779,77.77777777777779,44.44444444444444,100.0,0.0,11.11111111111111,100.0,10.666666666666666,Total,Estadual
0.9,1.2,0.7,0.0,100.0,0.0,75.0,25.0,100.0,0.0,50.0,100.0,8.25,Urbana,Total
,,2.7,1.2,100.0,100.0,100.0,100.0,100.0,0.0,0.0,100.0,12.0,Total,Federal
18.6,19.4,6.4,3.7,75.0,0.0,0.0,0.0,75.0,0.0,100.0,100.0,6.75,Rural,Estadual
15.3,12.5,,,100.0,25.0,16.666666666666664,16.666666666666664,100.0,8.333333333333332,41.66666666666667,100.0,6.25,Total,Municipal
5.3,,,,100.0,28.57142857142857,0.0,42.85714285714285,100.0,0.0,0.0,100.0,6.857142857142857,Urbana,Municipal
12.8,17.4,13.2,20.7,100.0,6.896551724137931,3.4482758620689653,24.13793103448276,96.55172413793105,0.0,6.896551724137931,100.0,9.241379310344827,Total,Municipal
0.0,0.0,0.0,0.0,100.0,0.0,100.0,100.0,100.0,0.0,0.0,100.0,7.0,Total,Estadual
6.4,4.3,9.0,8.7,100.0,57.14285714285714,0.0,42.85714285714285,100.0,0.0,14.285714285714285,71.42857142857143,7.714285714285714,Urbana,Total
2.4,4.1,,,81.81818181818183,4.545454545454546,4.545454545454546,0.0,95.45454545454544,0.0,68.18181818181817,100.0,3.0454545454545454,Rural,Municipal
17.3,17.3,9.3,15.0,100.0,100.0,88.88888888888889,100.0,100.0,0.0,0.0,100.0,12.666666666666666,Total,Estadual
5.5,9.4,,,100.0,50.0,25.0,25.0,100.0,0.0,25.0,100.0,7.0,Urbana,Municipal
0.0,,,,100.0,0.0,33.33333333333333,33.33333333333333,100.0,0.0,0.0,100.0,9.666666666666666,Total,Municipal
2.4,4.8,,,97.36842105263158,18.421052631578945,7.894736842105263,15.789473684210526,100.0,0.0,68.42105263157895,100.0,6.078947368421052,Total,Municipal
2.5,4.5,,,71.42857142857143,28.57142857142857,14.285714285714285,14.285714285714285,100.0,14.285714285714285,57.14285714285714,100.0,7.571428571428571,Total,Municipal
1.1,1.1,3.1,4.8,100.0,100.0,100.0,40.0,100.0,0.0,20.0,80.0,15.4,Urbana,Estadual
13.1,3.2,,,100.0,0.0,33.33333333333333,0.0,100.0,0.0,33.33333333333333,100.0,6.666666666666667,Urbana,Municipal
2.3,0.7,1.2,2.7,100.0,100.0,100.0,100.0,100.0,0.0,0.0,100.0,45.0,Urbana,Estadual
0.7,0.7,2.5,3.6,100.0,0.0,100.0,100.0,100.0,0.0,100.0,100.0,13.0,Total,Estadual
2.2,2.5,0.6,1.2,100.0,41.66666666666667,25.0,41.66666666666667,100.0,0.0,75.0,83.33333333333334,9.5,Urbana,Total
10.5,15.4,3.5,1.3,100.0,36.36363636363637,24.24242424242424,33.33333333333333,100.0,0.0,30.303030303030305,75.75757575757575,8.606060606060606,Urbana,Total
0.0,,,,100.0,0.0,0.0,100.0,100.0,0.0,0.0,100.0,7.0,Urbana,Municipal
9.6,11.2,4.1,10.1,92.85714285714286,21.428571428571427,3.571428571428571,42.85714285714285,96.42857142857144,0.0,7.142857142857142,96.42857142857144,5.285714285714286,Rural,Total
3.1,5.7,0.0,0.0,83.33333333333334,33.33333333333333,33.33333333333333,66.66666666666666,100.0,0.0,0.0,100.0,7.333333333333333,Urbana,Total
0.0,,,,75.0,0.0,6.25,0.0,100.0,6.25,56.25,100.0,1.8125,Rural,Municipal
0.0,,,,100.0,0.0,100.0,50.0,100.0,0.0,0.0,100.0,12.5,Urbana,Municipal
0.7,1.4,6.3,7.0,100.0,50.0,25.0,50.0,100.0,0.0,0.0,25.0,8.5,Urbana,Privada
2.5,2.7,,,100.0,20.0,0.0,20.0,100.0,0.0,0.0,100.0,3.733333333333333,Total,Municipal
,,1.2,0.9,100.0,0.0,100.0,100.0,100.0,0.0,0.0,100.0,6.0,Total,Estadual
,,2.2,0.0,100.0,100.0,100.0,0.0,100.0,0.0,0.0,100.0,10.0,Urbana,Estadual
,,2.6,6.7,100.0,100.0,100.0,100.0,100.0,0.0,0.0,100.0,9.0,Rural,Estadual
8.5,10.3,3.6,3.2,94.73684210526316,15.789473684210526,26.31578947368421,42.10526315789473,100.0,0.0,42.10526315789473,94.73684210526316,9.947368421052632,Urbana,Total
0.0,,,,100.0,50.0,50.0,0.0,100.0,0.0,0.0,50.0,6.0,Urbana,Privada
0.3,0.7,1.9,1.2,100.0,20.0,0.0,20.0,100.0,0.0,20.0,100.0,7.8,Urbana,Total
14.8,6.8,,,100.0,0.0,100.0,100.0,100.0,0.0,0.0,100.0,11.0,Rural,Total
1.9,2.2,,,100.0,0.0,50.0,50.0,100.0,0.0,0.0,100.0,19.5,Total,Municipal
2.9,2.2,2.3,3.1,100.0,70.58823529411765,41.17647058823529,64.70588235294117,100.0,0.0,0.0,100.0,9.823529411764708,Total,Total
,,4.2,8.3,100.0,0.0,0.0,0.0,100.0,0.0,0.0,100.0,5.0,Total,Estadual
1.7,1.9,6.0,4.9,100.0,75.0,87.5,62.5,100.0,0.0,0.0,100.0,10.125,Urbana,Total
2.8,2.8,4.7,8.5,100.0,91.30434782608695,95.65217391304348,86.95652173913044,100.0,0.0,0.0,100.0,11.391304347826088,Total,Estadual
,,18.6,26.0,100.0,100.0,0.0,100.0,100.0,0.0,0.0,100.0,11.0,Total,Estadual
7.1,7.1,3.5,6.6,100.0,100.0,100.0,100.0,100.0,0.0,0.0,100.0,21.0,Urbana,Estadual
1.3,1.9,0.0,0.0,100.0,80.0,80.0,80.0,100.0,0.0,20.0,100.0,4.4,Total,Total
0.1,0.0,,,87.5,12.5,0.0,12.5,100.0,0.0,12.5,100.0,6.375,Urbana,Municipal
3.3,,,,100.0,80.0,0.0,0.0,100.0,0.0,0.0,100.0,7.8,Total,Municipal
2.3,2.3,2.1,2.7,100.0,50.0,50.0,100.0,100.0,0.0,0.0,100.0,17.5,Total,Estadual
0.0,0.0,,,100.0,66.66666666666666,50.0,100.0,100.0,0.0,16.666666666666664,100.0,4.333333333333333,Rural,Total
4.4,3.7,1.1,1.5,100.0,18.75,12.5,31.25,100.0,0.0,0.0,87.5,10.125,Urbana,Total
13.3,22.9,10.3,16.1,94.44444444444444,61.11111111111112,33.33333333333333,38.88888888888889,94.44444444444444,0.0,16.666666666666664,94.44444444444444,8.11111111111111,Total,Total
3.7,5.1,,,100.0,8.333333333333332,0.0,41.66666666666667,100.0,0.0,8.333333333333332,100.0,7.333333333333333,Urbana,Municipal
1.1,1.1,0.0,0.0,100.0,100.0,100.0,66.66666666666666,100.0,0.0,33.33333333333333,100.0,6.333333333333333,Rural,Estadual
,,5.5,7.3,100.0,50.0,0.0,50.0,100.0,0.0,0.0,100.0,9.0,Urbana,Estadual
1.7,4.0,,,100.0,0.0,0.0,0.0,100.0,0.0,25.0,100.0,8.25,Urbana,Municipal
0.0,,,,100.0,0.0,50.0,50.0,100.0,0.0,50.0,100.0,7.5,Total,Municipal
0.0,,,,100.0,100.0,100.0,100.0,100.0,0.0,0.0,100.0,13.0,Total,Municipal
5.5,7.8,3.8,4.0,95.23809523809524,23.809523809523807,19.047619047619047,19.047619047619047,100.0,0.0,4.761904761904762,80.95238095238095,8.380952380952381,Urbana,Total
9.1,18.7,,,100.0,0.0,33.33333333333333,0.0,100.0,0.0,0.0,100.0,4.333333333333333,Rural,Total
0.0,,,,42.85714285714285,28.57142857142857,0.0,14.285714285714285,100.0,0.0,100.0,100.0,4.428571428571429,Rural,Municipal
13.4,21.5,2.4,0.0,91.66666666666666,16.666666666666664,0.0,25.0,100.0,0.0,25.0,91.66666666666666,3.083333333333333,Total,Total
0.0,0.0,0.0,0.0,100.0,0.0,0.0,100.0,100.0,0.0,0.0,100.0,8.0,Total,Estadual
0.2,,,,100.0,10.0,0.0,50.0,100.0,0.0,0.0,100.0,8.7,Total,Municipal
4.1,6.2,0.0,0.0,100.0,50.0,33.33333333333333,33.33333333333333,100.0,0.0,16.666666666666664,83.33333333333334,10.166666666666666,Urbana,Total
8.8,10.9,,,100.0,0.0,0.0,0.0,100.0,0.0,66.66666666666666,100.0,4.666666666666667,Total,Municipal
1.4,2.6,2.9,4.2,100.0,50.0,33.33333333333333,16.666666666666664,100.0,0.0,0.0,0.0,10.666666666666666,Total,Privada
0.0,0.0,1.4,3.6,100.0,100.0,100.0,75.0,100.0,0.0,25.0,100.0,11.25,Urbana,Total
6.6,9.9,,,93.75,6.25,0.0,12.5,93.75,0.0,37.5,100.0,6.0625,Total,Municipal
2.0,2.0,4.8,12.2,100.0,100.0,100.0,100.0,100.0,0.0,0.0,100.0,13.0,Total,Estadual
0.7,1.4,1.6,2.7,62.5,43.75,43.75,31.25,100.0,0.0,68.75,93.75,5.0,Total,Total
2.2,2.2,8.2,11.6,100.0,50.0,50.0,50.0,100.0,0.0,0.0,100.0,8.0,Total,Estadual
1.3,2.5,2.4,2.1,100.0,19.35483870967742,38.70967741935484,45.16129032258064,100.0,0.0,41.935483870967744,87.09677419354838,7.516129032258065,Total,Total
0.0,,,,100.0,0.0,50.0,0.0,100.0,0.0,100.0,100.0,2.0,Rural,Municipal
0.8,0.0,,,100.0,100.0,50.0,50.0,100.0,0.0,0.0,100.0,6.0,Rural,Total
3.0,3.0,1.6,2.0,100.0,30.76923076923077,15.384615384615383,30.76923076923077,100.0,0.0,3.8461538461538463,88.46153846153845,8.346153846153847,Urbana,Total
4.1,5.3,4.6,5.1,54.77386934673368,22.110552763819097,16.582914572864322,20.603015075376884,41.70854271356784,33.66834170854271,63.31658291457286,95.97989949748744,4.85929648241206,Total,Total
0.4,,,,100.0,66.66666666666666,33.33333333333333,66.66666666666666,100.0,0.0,33.33333333333333,100.0,5.666666666666667,Urbana,Municipal
6.4,8.9,,,100.0,60.0,0.0,20.0,100.0,0.0,20.0,100.0,11.6,Urbana,Municipal
3.2,2.6,4.9,7.3,100.0,58.82352941176471,41.17647058823529,76.47058823529412,100.0,0.0,0.0,94.11764705882352,8.705882352941176,Urbana,Total
8.8,10.6,0.0,0.0,100.0,20.0,40.0,40.0,100.0,0.0,80.0,100.0,8.6,Urbana,Total
,,11.3,13.3,100.0,0.0,0.0,0.0,100.0,0.0,100.0,100.0,3.0,Urbana,Estadual
2.1,4.3,0.5,1.8,100.0,50.0,0.0,33.33333333333333,100.0,0.0,0.0,100.0,7.333333333333333,Urbana,Total
0.0,0.0,,,100.0,40.0,40.0,100.0,100.0,0.0,0.0,100.0,3.6,Rural,Municipal
2.8,4.4,,,100.0,7.4074074074074066,22.22222222222222,7.4074074074074066,100.0,0.0,11.11111111111111,100.0,6.407407407407407,Total,Municipal
4.8,,,,100.0,33.33333333333333,0.0,33.33333333333333,100.0,0.0,0.0,100.0,7.0,Total,Municipal
,,27.5,37.9,100.0,0.0,100.0,100.0,100.0,0.0,100.0,100.0,9.0,Urbana,Estadual
4.5,,,,50.0,0.0,25.0,0.0,100.0,50.0,75.0,100.0,1.5,Rural,Total
2.3,4.8,,,100.0,33.33333333333333,33.33333333333333,66.66666666666666,100.0,0.0,33.33333333333333,100.0,5.0,Rural,Total
0.0,,,,100.0,0.0,50.0,100.0,100.0,0.0,0.0,50.0,6.0,Total,Privada
2.0,2.0,5.3,9.4,100.0,100.0,71.42857142857143,85.71428571428571,100.0,0.0,0.0,100.0,11.714285714285714,Urbana,Estadual
0.2,0.2,0.9,0.8,100.0,9.090909090909092,54.54545454545454,90.9090909090909,100.0,0.0,36.36363636363637,90.9090909090909,12.636363636363637,Total,Estadual
0.2,0.2,1.0,2.6,100.0,22.727272727272727,31.818181818181817,50.0,100.0,0.0,9.090909090909092,31.818181818181817,12.818181818181818,Total,Privada
5.0,,,,0.0,0.0,0.0,0.0,100.0,0.0,100.0,100.0,3.0,Rural,Total
1.1,2.6,,,100.0,16.666666666666664,0.0,16.666666666666664,100.0,0.0,16.666666666666664,100.0,8.833333333333334,Urbana,Municipal
2.1,1.4,0.5,0.0,100.0,20.0,0.0,40.0,100.0,0.0,0.0,100.0,9.2,Total,Total
,,1.2,0.0,0.0,50.0,50.0,100.0,100.0,0.0,0.0,100.0,13.5,Rural,Estadual
0.0,0.0,0.0,0.0,100.0,100.0,100.0,100.0,100.0,0.0,0.0,100.0,4.0,Urbana,Estadual
0.0,,,,100.0,100.0,100.0,100.0,100.0,0.0,0.0,100.0,13.0,Urbana,Municipal
4.6,5.0,8.0,16.4,28.98550724637681,0.7246376811594203,5.797101449275362,6.521739130434782,75.36231884057972,65.21739130434783,80.43478260869566,100.0,3.920289855072464,Total,Total
0.0,0.0,,,100.0,100.0,0.0,50.0,100.0,0.0,0.0,50.0,9.0,Total,Privada
9.8,13.5,5.0,3.8,73.07692307692307,11.538461538461538,7.6923076923076925,15.384615384615383,100.0,3.8461538461538463,26.923076923076923,96.15384615384616,5.1923076923076925,Rural,Total
7.5,7.5,7.8,14.0,100.0,100.0,100.0,100.0,100.0,0.0,0.0,100.0,8.0,Urbana,Estadual
1.3,3.5,0.0,,100.0,25.0,0.0,25.0,100.0,0.0,25.0,0.0,12.5,Total,Privada
0.9,0.8,3.8,5.3,100.0,0.0,25.0,25.0,100.0,0.0,25.0,100.0,7.5,Urbana,Total
0.0,0.0,,,100.0,100.0,0.0,0.0,100.0,0.0,0.0,0.0,8.0,Urbana,Privada
1.0,1.1,,,88.88888888888889,0.0,0.0,22.22222222222222,100.0,0.0,66.66666666666666,100.0,5.222222222222222,Rural,Municipal
,,2.2,4.3,0.0,0.0,0.0,0.0,100.0,0.0,100.0,100.0,5.0,Urbana,Estadual
8.4,14.2,6.1,4.6,100.0,62.85714285714285,37.142857142857146,48.57142857142857,100.0,0.0,20.0,71.42857142857143,12.771428571428572,Urbana,Total
1.0,1.8,0.0,0.0,100.0,30.0,30.0,40.0,100.0,0.0,20.0,70.0,6.8,Urbana,Total
0.0,0.0,,,100.0,0.0,28.57142857142857,28.57142857142857,100.0,0.0,14.285714285714285,100.0,10.857142857142858,Urbana,Municipal
0.0,,,,100.0,40.0,0.0,40.0,100.0,0.0,0.0,100.0,6.0,Total,Municipal
0.8,1.3,2.0,3.2,90.0,50.0,10.0,20.0,100.0,0.0,0.0,80.0,7.4,Urbana,Total
1.3,1.6,0.9,1.4,60.0,30.0,40.0,25.0,100.0,0.0,40.0,100.0,3.75,Rural,Total
2.7,5.8,8.0,14.2,100.0,100.0,57.14285714285714,85.71428571428571,100.0,0.0,42.85714285714285,100.0,11.285714285714286,Urbana,Total
1.6,2.8,,,100.0,50.0,100.0,100.0,100.0,0.0,50.0,100.0,4.0,Rural,Total
6.8,14.0,13.0,5.6,100.0,33.33333333333333,33.33333333333333,0.0,100.0,0.0,33.33333333333333,100.0,6.666666666666667,Urbana,Total
1.5,1.0,14.8,21.5,100.0,0.0,28.57142857142857,14.285714285714285,100.0,0.0,14.285714285714285,71.42857142857143,6.0,Urbana,Total
0.0,0.0,0.9,2.4,100.0,83.33333333333334,66.66666666666666,66.66666666666666,100.0,0.0,0.0,33.33333333333333,22.166666666666668,Urbana,Privada
13.9,13.9,14.8,24.9,100.0,84.61538461538461,34.61538461538461,73.07692307692307,100.0,0.0,7.6923076923076925,100.0,9.307692307692308,Total,Estadual
7.9,8.7,,,90.0,50.0,0.0,70.0,100.0,0.0,50.0,100.0,4.8,Rural,Total
0.3,,,,100.0,0.0,80.0,60.0,100.0,0.0,0.0,100.0,9.8,Total,Municipal
4.8,4.7,,,42.5925925925926,3.7037037037037033,0.0,0.0,94.44444444444444,9.25925925925926,83.33333333333334,100.0,2.1666666666666665,Rural,Total
5.7,4.1,,,85.71428571428571,0.0,0.0,92.85714285714286,100.0,0.0,50.0,100.0,2.5,Rural,Total
4.3,8.5,13.1,18.6,96.66666666666669,60.0,40.0,33.33333333333333,100.0,0.0,53.333333333333336,80.0,7.566666666666666,Urbana,Total
2.7,4.7,8.3,11.5,100.0,22.22222222222222,22.22222222222222,33.33333333333333,100.0,0.0,11.11111111111111,77.77777777777779,12.88888888888889,Urbana,Total
7.3,10.8,,,100.0,14.285714285714285,0.0,14.285714285714285,100.0,0.0,0.0,100.0,4.428571428571429,Total,Municipal
0.4,0.1,0.8,1.3,100.0,14.634146341463412,53.65853658536586,43.90243902439025,100.0,0.0,39.02439024390244,82.92682926829268,11.341463414634148,Urbana,Total
0.0,0.0,,,100.0,100.0,0.0,100.0,100.0,0.0,0.0,100.0,7.0,Total,Privada
0.4,0.5,0.0,0.0,100.0,100.0,18.181818181818183,54.54545454545454,100.0,0.0,18.181818181818183,9.090909090909092,10.454545454545457,Urbana,Privada
5.4,7.3,,,100.0,57.14285714285714,28.57142857142857,57.14285714285714,100.0,0.0,0.0,100.0,8.857142857142858,Total,Municipal
1.8,,,,100.0,0.0,66.66666666666666,66.66666666666666,100.0,0.0,0.0,100.0,6.666666666666667,Rural,Total
0.0,0.0,0.4,0.0,100.0,0.0,100.0,100.0,100.0,0.0,50.0,100.0,10.5,Urbana,Estadual
2.1,0.0,,,100.0,100.0,100.0,100.0,100.0,0.0,0.0,0.0,6.0,Total,Privada
12.7,23.7,,,100.0,0.0,0.0,25.0,75.0,0.0,37.5,100.0,6.5,Urbana,Municipal
5.0,10.5,6.6,5.7,100.0,60.0,80.0,20.0,100.0,0.0,0.0,100.0,8.2,Urbana,Total
5.2,7.3,,,17.307692307692307,0.0,0.0,0.0,100.0,11.538461538461538,100.0,100.0,2.4038461538461537,Rural,Municipal
,,1.5,0.0,100.0,100.0,100.0,0.0,100.0,0.0,0.0,100.0,4.0,Total,Estadual
1.4,2.8,1.4,1.5,96.7741935483871,16.129032258064516,6.451612903225806,12.903225806451612,100.0,0.0,77.41935483870968,100.0,4.451612903225806,Rural,Total
5.1,8.4,9.7,17.8,100.0,100.0,100.0,75.0,100.0,0.0,0.0,100.0,13.25,Urbana,Estadual
5.4,7.6,11.6,17.9,94.44444444444444,86.11111111111111,69.44444444444444,52.77777777777778,100.0,0.0,50.0,97.2222222222222,12.61111111111111,Total,Estadual
,,1.7,2.2,100.0,0.0,100.0,100.0,100.0,0.0,100.0,100.0,9.0,Urbana,Estadual
4.6,7.4,,,91.66666666666666,0.0,0.0,8.333333333333332,100.0,0.0,25.0,100.0,3.6666666666666665,Rural,Municipal
7.2,10.6,15.2,24.0,100.0,71.42857142857143,71.42857142857143,28.57142857142857,85.71428571428571,0.0,0.0,100.0,8.857142857142858,Urbana,Total
,,1.4,1.7,100.0,100.0,100.0,100.0,100.0,0.0,0.0,100.0,3.0,Total,Estadual
1.1,1.4,2.0,3.1,100.0,0.0,88.88888888888889,55.55555555555556,100.0,0.0,77.77777777777779,100.0,6.666666666666667,Rural,Total
0.3,0.6,,,100.0,80.0,60.0,20.0,100.0,0.0,40.0,100.0,7.8,Urbana,Municipal
2.2,4.0,15.8,26.4,77.77777777777779,33.33333333333333,11.11111111111111,33.33333333333333,100.0,11.11111111111111,44.44444444444444,88.88888888888889,7.444444444444445,Total,Total
0.0,0.0,,,100.0,25.0,25.0,0.0,100.0,0.0,50.0,100.0,5.0,Rural,Municipal
0.3,0.5,0.7,1.2,100.0,25.64102564102564,35.8974358974359,51.28205128205128,97.43589743589745,0.0,25.64102564102564,7.6923076923076925,15.974358974358974,Total,Privada
3.9,4.8,,,100.0,0.0,27.77777777777778,33.33333333333333,100.0,0.0,72.22222222222221,100.0,10.166666666666666,Total,Municipal
0.4,0.8,2.8,1.2,100.0,0.0,25.0,50.0,75.0,0.0,0.0,100.0,13.0,Urbana,Total
3.3,1.3,2.4,3.7,100.0,100.0,60.0,80.0,100.0,0.0,0.0,100.0,13.0,Total,Total
10.5,16.5,,,100.0,0.0,0.0,20.0,100.0,100.0,100.0,100.0,4.4,Total,Municipal
7.1,9.2,15.9,22.5,100.0,100.0,60.0,40.0,100.0,0.0,0.0,100.0,7.4,Urbana,Estadual
6.5,10.0,,,100.0,60.0,20.0,40.0,100.0,0.0,0.0,80.0,10.0,Urbana,Municipal
5.2,11.8,,,100.0,100.0,0.0,0.0,100.0,0.0,0.0,0.0,8.0,Rural,Privada
10.5,12.2,,,92.85714285714286,0.0,0.0,35.714285714285715,35.714285714285715,0.0,64.28571428571429,100.0,6.928571428571429,Rural,Municipal
1.3,,,,100.0,0.0,50.0,0.0,100.0,0.0,0.0,100.0,7.5,Urbana,Municipal
1.2,2.5,,,100.0,0.0,33.33333333333333,50.0,100.0,0.0,16.666666666666664,100.0,8.166666666666666,Urbana,Municipal
,,6.3,7.7,100.0,0.0,100.0,100.0,100.0,0.0,0.0,100.0,7.0,Total,Estadual
1.3,2.0,6.8,8.6,100.0,58.333333333333336,33.33333333333333,66.66666666666666,100.0,0.0,16.666666666666664,100.0,8.5,Urbana,Total
0.0,0.0,,,100.0,6.666666666666667,0.0,6.666666666666667,93.33333333333331,6.666666666666667,0.0,100.0,2.933333333333333,Rural,Municipal
0.0,0.0,,,100.0,66.66666666666666,33.33333333333333,66.66666666666666,100.0,0.0,0.0,100.0,7.333333333333333,Rural,Total
3.2,3.8,0.0,0.0,28.57142857142857,28.57142857142857,0.0,0.0,100.0,0.0,71.42857142857143,100.0,3.857142857142857,Total,Total
0.0,,,,100.0,0.0,100.0,0.0,100.0,0.0,0.0,0.0,7.0,Urbana,Privada
,,5.4,5.2,100.0,66.66666666666666,33.33333333333333,66.66666666666666,100.0,0.0,66.66666666666666,100.0,6.333333333333333,Total,Estadual
0.1,0.4,,,75.0,0.0,50.0,50.0,100.0,0.0,25.0,100.0,8.625,Rural,Municipal
,,2.2,3.8,100.0,0.0,100.0,100.0,100.0,0.0,0.0,100.0,8.0,Total,Estadual
3.5,5.3,,,4.0,0.0,0.0,0.0,60.0,88.0,100.0,100.0,1.52,Rural,Total
0.2,0.0,,,100.0,75.0,0.0,25.0,100.0,0.0,0.0,0.0,10.0,Urbana,Privada
13.3,23.8,,,100.0,16.666666666666664,16.666666666666664,16.666666666666664,100.0,0.0,0.0,100.0,18.666666666666668,Urbana,Municipal
11.5,19.0,8.2,10.6,92.0,12.0,8.0,12.0,100.0,0.0,48.0,100.0,6.4,Rural,Total
5.0,5.0,6.9,9.9,100.0,100.0,100.0,100.0,100.0,0.0,0.0,100.0,10.0,Urbana,Estadual
0.0,0.0,,,100.0,21.428571428571427,7.142857142857142,7.142857142857142,100.0,0.0,21.428571428571427,100.0,10.428571428571429,Total,Municipal
0.5,0.5,1.3,1.0,100.0,66.66666666666666,33.33333333333333,66.66666666666666,100.0,0.0,16.666666666666664,100.0,35.0,Total,Estadual
6.2,9.4,0.2,0.4,32.55813953488372,4.651162790697675,4.651162790697675,4.651162790697675,51.16279069767442,72.09302325581395,97.67441860465117,97.67441860465117,2.7209302325581395,Total,Total
9.3,11.7,8.8,15.5,100.0,37.03703703703704,25.925925925925924,33.33333333333333,100.0,3.7037037037037033,25.925925925925924,81.48148148148148,8.185185185185185,Total,Total
7.7,13.2,,,100.0,40.0,0.0,10.0,100.0,0.0,0.0,90.0,4.8,Total,Municipal
5.2,9.5,3.6,10.0,100.0,100.0,33.33333333333333,66.66666666666666,100.0,0.0,0.0,100.0,5.0,Rural,Estadual
3.7,3.7,,,100.0,100.0,100.0,100.0,100.0,0.0,100.0,100.0,4.0,Rural,Municipal
3.5,1.6,7.3,12.3,100.0,68.75,31.25,81.25,100.0,0.0,0.0,93.75,8.375,Total,Total
9.1,9.1,8.2,14.3,100.0,100.0,100.0,0.0,100.0,0.0,0.0,100.0,7.0,Urbana,Estadual
,,4.1,1.7,100.0,100.0,0.0,100.0,100.0,0.0,0.0,100.0,9.0,Urbana,Estadual
0.7,0.7,0.2,0.0,100.0,100.0,80.0,80.0,100.0,0.0,0.0,100.0,9.8,Total,Estadual
2.4,5.3,,,100.0,66.66666666666666,0.0,33.33333333333333,100.0,0.0,0.0,100.0,6.333333333333333,Rural,Total
4.8,,,,100.0,0.0,0.0,50.0,100.0,0.0,0.0,100.0,10.5,Urbana,Municipal
5.8,7.5,0.9,1.3,100.0,85.71428571428571,42.85714285714285,71.42857142857143,85.71428571428571,0.0,0.0,85.71428571428571,11.285714285714286,Urbana,Total
,,4.0,5.3,100.0,100.0,100.0,100.0,100.0,0.0,0.0,100.0,33.0,Total,Federal
3.1,3.9,4.0,8.1,100.0,37.5,25.0,62.5,100.0,0.0,75.0,12.5,12.0,Urbana,Privada
1.0,,,,100.0,77.77777777777779,33.33333333333333,100.0,100.0,0.0,0.0,100.0,8.11111111111111,Total,Municipal
0.5,,,,100.0,12.0,36.0,40.0,100.0,0.0,4.0,100.0,7.52,Urbana,Municipal
0.0,0.0,0.0,0.0,100.0,0.0,0.0,12.5,100.0,0.0,0.0,100.0,6.5,Urbana,Total
,,2.2,2.2,100.0,100.0,0.0,0.0,100.0,0.0,0.0,100.0,10.0,Total,Estadual
0.0,,,,100.0,100.0,0.0,0.0,100.0,0.0,0.0,0.0,7.0,Total,Privada
0.0,0.0,,,100.0,100.0,100.0,100.0,100.0,0.0,0.0,100.0,7.0,Rural,Municipal
4.7,,,,100.0,100.0,50.0,75.0,100.0,0.0,0.0,100.0,10.5,Total,Municipal
4.4,9.0,,,100.0,35.714285714285715,7.142857142857142,21.428571428571427,92.85714285714286,0.0,0.0,100.0,4.214285714285714,Total,Municipal
0.0,0.0,0.7,0.0,100.0,0.0,25.0,50.0,100.0,0.0,50.0,100.0,7.75,Urbana,Total
2.7,5.2,,,100.0,0.0,0.0,0.0,100.0,0.0,0.0,100.0,3.6666666666666665,Rural,Municipal
6.1,6.1,9.6,11.8,100.0,100.0,100.0,50.0,100.0,0.0,0.0,100.0,9.5,Total,Estadual
0.2,0.0,0.6,1.6,100.0,66.66666666666666,66.66666666666666,33.33333333333333,100.0,0.0,16.666666666666664,83.33333333333334,8.0,Total,Total
0.0,0.0,0.0,0.0,100.0,50.0,50.0,0.0,100.0,0.0,0.0,50.0,4.0,Urbana,Privada
6.0,,,,100.0,4.761904761904762,0.0,42.85714285714285,100.0,0.0,30.952380952380956,100.0,7.833333333333333,Urbana,Municipal
7.8,7.8,11.1,15.7,100.0,100.0,100.0,100.0,100.0,0.0,0.0,100.0,11.428571428571429,Total,Estadual
0.0,0.0,0.0,0.0,100.0,80.0,40.0,0.0,100.0,0.0,0.0,20.0,13.8,Urbana,Privada
2.3,3.7,0.8,1.6,100.0,34.78260869565217,47.82608695652174,56.52173913043478,100.0,0.0,17.391304347826086,86.95652173913044,9.91304347826087,Urbana,Total
,,11.6,16.9,100.0,100.0,0.0,100.0,100.0,0.0,0.0,100.0,13.0,Urbana,Estadual
1.6,2.7,3.4,3.6,100.0,11.428571428571429,28.57142857142857,40.0,100.0,0.0,51.42857142857142,85.71428571428571,9.6,Total,Total
0.0,0.0,5.3,12.5,100.0,50.0,0.0,0.0,100.0,0.0,0.0,0.0,15.0,Total,Privada
4.3,4.3,4.3,8.2,100.0,100.0,100.0,100.0,100.0,0.0,0.0,100.0,11.0,Total,Estadual
0.1,0.1,0.2,0.1,100.0,90.9090909090909,90.9090909090909,100.0,100.0,0.0,0.0,100.0,14.0,Urbana,Estadual
7.8,13.5,,,100.0,0.0,0.0,0.0,100.0,0.0,0.0,100.0,7.0,Rural,Municipal
0.0,0.0,,,100.0,0.0,0.0,0.0,100.0,0.0,50.0,100.0,2.0,Rural,Total
2.2,,,,100.0,0.0,33.33333333333333,33.33333333333333,100.0,0.0,0.0,100.0,11.333333333333334,Total,Municipal
,,0.4,0.0,100.0,0.0,100.0,100.0,100.0,0.0,0.0,100.0,11.0,Total,Estadual
7.9,9.9,,,100.0,0.0,50.0,50.0,100.0,0.0,0.0,100.0,13.5,Urbana,Municipal
6.4,6.4,2.9,6.7,100.0,100.0,100.0,100.0,100.0,0.0,0.0,100.0,16.0,Urbana,Estadual
3.1,3.1,11.5,14.6,75.0,100.0,75.0,75.0,100.0,0.0,0.0,100.0,11.25,Total,Estadual
1.3,0.7,0.0,0.0,100.0,100.0,66.66666666666666,66.66666666666666,100.0,0.0,0.0,33.33333333333333,17.555555555555557,Urbana,Privada
0.5,1.2,1.3,0.0,100.0,75.0,50.0,33.33333333333333,100.0,0.0,8.333333333333332,75.0,8.833333333333334,Urbana,Total
0.0,,,,100.0,33.33333333333333,33.33333333333333,0.0,100.0,0.0,0.0,33.33333333333333,5.0,Urbana,Privada
2.3,2.3,0.0,0.0,75.0,10.0,0.0,5.0,90.0,5.0,25.0,95.0,4.3,Rural,Total
2.5,3.7,3.7,10.5,100.0,25.0,0.0,50.0,50.0,0.0,0.0,100.0,6.0,Urbana,Total
0.2,0.3,,,100.0,0.0,0.0,11.538461538461538,96.15384615384616,0.0,76.92307692307693,100.0,5.461538461538462,Total,Municipal
2.1,2.1,2.3,3.6,100.0,100.0,100.0,100.0,100.0,0.0,0.0,100.0,9.0,Urbana,Estadual
,,13.4,32.5,100.0,100.0,100.0,0.0,100.0,0.0,0.0,100.0,5.0,Total,Estadual
5.0,6.3,7.3,8.4,80.95238095238095,7.142857142857142,0.0,4.761904761904762,100.0,11.904761904761903,73.80952380952381,92.85714285714286,4.4523809523809526,Total,Total
0.9,1.3,3.4,3.1,100.0,12.5,25.0,62.5,100.0,0.0,0.0,100.0,8.625,Total,Total
0.0,0.0,0.0,0.0,100.0,100.0,0.0,100.0,100.0,0.0,0.0,100.0,15.0,Total,Estadual
2.8,3.7,1.0,0.4,92.25352112676056,23.943661971830984,40.845070422535215,48.59154929577465,97.88732394366195,1.4084507042253522,8.450704225352112,73.23943661971832,12.964788732394366,Total,Total
5.0,9.9,2.8,4.3,100.0,100.0,50.0,50.0,100.0,0.0,50.0,100.0,7.5,Urbana,Estadual
3.1,4.8,,,100.0,44.44444444444444,0.0,0.0,100.0,0.0,22.22222222222222,100.0,11.444444444444445,Urbana,Municipal
0.0,,,,100.0,100.0,0.0,0.0,100.0,0.0,0.0,0.0,5.0,Urbana,Privada
1.4,,,,100.0,0.0,50.0,100.0,100.0,0.0,0.0,100.0,4.5,Rural,Municipal
4.6,4.6,2.7,0.0,100.0,100.0,0.0,100.0,100.0,0.0,0.0,100.0,11.0,Urbana,Estadual
2.3,2.9,3.2,6.8,100.0,63.63636363636363,27.27272727272727,63.63636363636363,100.0,0.0,9.090909090909092,9.090909090909092,9.181818181818182,Urbana,Privada
0.0,0.0,,,92.3076923076923,23.07692307692308,0.0,0.0,100.0,0.0,23.07692307692308,100.0,2.230769230769231,Rural,Municipal
0.3,0.8,6.5,0.0,100.0,75.0,37.5,25.0,100.0,0.0,0.0,62.5,9.125,Total,Privada
3.6,4.3,0.0,0.0,100.0,25.0,25.0,25.0,100.0,0.0,25.0,100.0,7.75,Urbana,Total
0.3,0.3,0.6,1.0,100.0,33.33333333333333,66.66666666666666,100.0,100.0,0.0,0.0,100.0,7.666666666666667,Urbana,Estadual
18.0,28.6,,,76.92307692307693,0.0,30.76923076923077,53.84615384615385,100.0,0.0,7.6923076923076925,100.0,4.076923076923077,Rural,Municipal
1.8,2.0,3.7,7.1,80.0,20.0,40.0,60.0,100.0,0.0,100.0,100.0,5.4,Total,Total
0.0,0.0,0.0,0.0,100.0,100.0,100.0,50.0,100.0,0.0,0.0,50.0,8.5,Rural,Privada
3.2,1.8,3.5,5.6,100.0,75.0,75.0,66.66666666666666,100.0,0.0,0.0,83.33333333333334,11.083333333333334,Urbana,Total
,,3.4,2.8,100.0,100.0,0.0,0.0,100.0,0.0,100.0,100.0,16.0,Total,Estadual
0.4,,,,100.0,0.0,33.33333333333333,33.33333333333333,100.0,0.0,0.0,100.0,6.5,Urbana,Municipal
,,3.3,4.8,100.0,100.0,100.0,100.0,50.0,0.0,0.0,100.0,12.0,Urbana,Estadual
0.0,,,,100.0,100.0,50.0,100.0,100.0,0.0,0.0,100.0,8.5,Rural,Total
0.3,,,,100.0,0.0,0.0,20.0,100.0,0.0,40.0,100.0,5.4,Rural,Municipal
7.5,11.1,6.5,4.8,100.0,44.0,8.0,24.0,68.0,0.0,12.0,100.0,4.96,Rural,Total
1.1,1.2,5.9,5.8,100.0,89.0625,32.8125,92.1875,100.0,0.0,7.8125,98.4375,15.171875,Total,Estadual
5.5,4.0,,,62.5,0.0,12.5,25.0,100.0,0.0,0.0,100.0,4.375,Rural,Municipal
,,2.0,1.9,100.0,100.0,100.0,100.0,100.0,0.0,0.0,100.0,10.0,Rural,Total
,,0.2,0.0,100.0,100.0,100.0,100.0,100.0,0.0,0.0,100.0,25.0,Urbana,Federal
0.1,0.4,1.3,3.8,100.0,66.66666666666666,55.55555555555556,55.55555555555556,100.0,0.0,0.0,33.33333333333333,9.77777777777778,Urbana,Privada
0.8,1.2,5.6,4.3,96.7741935483871,29.03225806451613,32.25806451612903,32.25806451612903,100.0,0.0,6.451612903225806,74.19354838709677,8.129032258064516,Urbana,Total
0.0,0.0,,,100.0,100.0,0.0,0.0,100.0,0.0,0.0,0.0,6.0,Total,Privada
0.0,0.0,0.7,0.0,100.0,0.0,0.0,100.0,100.0,0.0,100.0,100.0,9.0,Rural,Estadual
1.1,2.5,0.0,0.0,48.57142857142857,2.857142857142857,0.0,5.714285714285714,97.14285714285714,45.71428571428572,80.0,100.0,1.9428571428571428,Rural,Total
,,9.3,13.5,100.0,0.0,0.0,0.0,100.0,0.0,100.0,100.0,5.0,Urbana,Estadual
,,2.4,2.5,100.0,100.0,100.0,100.0,100.0,0.0,0.0,100.0,10.0,Total,Estadual
0.7,0.3,,,100.0,0.0,25.0,25.0,100.0,0.0,75.0,100.0,11.75,Urbana,Municipal
,,0.0,0.0,100.0,100.0,100.0,0.0,100.0,0.0,0.0,100.0,6.0,Total,Estadual
1.4,,,,100.0,0.0,0.0,0.0,100.0,0.0,0.0,0.0,9.0,Total,Privada
,,0.8,0.0,100.0,0.0,100.0,100.0,100.0,0.0,0.0,100.0,7.0,Rural,Estadual
0.0,0.0,11.0,17.4,100.0,33.33333333333333,0.0,33.33333333333333,100.0,33.33333333333333,33.33333333333333,100.0,6.0,Total,Estadual
0.7,0.7,1.9,5.1,100.0,100.0,100.0,50.0,100.0,0.0,50.0,100.0,7.5,Total,Estadual
9.7,15.7,,,100.0,0.0,33.33333333333333,0.0,100.0,0.0,0.0,100.0,8.0,Urbana,Municipal
6.7,9.3,15.9,28.5,75.0,75.0,75.0,50.0,100.0,0.0,25.0,100.0,8.5,Total,Estadual
0.0,,,,100.0,50.0,100.0,0.0,100.0,0.0,50.0,50.0,7.5,Total,Privada
0.0,0.0,,,100.0,100.0,100.0,66.66666666666666,100.0,0.0,0.0,66.66666666666666,7.666666666666667,Rural,Total
0.0,0.0,,,100.0,100.0,50.0,100.0,100.0,0.0,0.0,100.0,3.0,Rural,Total
0.0,0.0,0.2,0.0,100.0,96.29629629629628,96.29629629629628,29.629629629629623,100.0,0.0,3.7037037037037033,100.0,8.185185185185185,Rural,Total
0.0,0.0,10.5,17.4,100.0,33.33333333333333,33.33333333333333,66.66666666666666,100.0,0.0,0.0,100.0,13.333333333333334,Total,Total
1.8,1.3,4.4,4.2,100.0,100.0,40.0,100.0,100.0,0.0,0.0,100.0,9.0,Rural,Total
0.0,,,,100.0,100.0,0.0,0.0,100.0,0.0,0.0,0.0,6.0,Urbana,Privada
1.2,2.0,2.2,3.8,100.0,66.66666666666666,50.0,33.33333333333333,100.0,0.0,33.33333333333333,0.0,9.666666666666666,Urbana,Privada
8.1,16.4,8.5,16.3,100.0,66.66666666666666,66.66666666666666,66.66666666666666,100.0,0.0,0.0,100.0,13.333333333333334,Total,Total
0.0,0.0,,,100.0,50.0,0.0,0.0,100.0,0.0,0.0,50.0,7.0,Urbana,Privada
13.7,25.2,,,100.0,36.734693877551024,35.374149659863946,35.374149659863946,100.0,0.0,15.64625850340136,100.0,8.0,Total,Municipal
0.9,2.0,,,100.0,80.0,20.0,60.0,100.0,0.0,20.0,100.0,8.8,Total,Municipal
3.6,2.9,0.0,0.0,80.0,0.0,20.0,20.0,80.0,40.0,20.0,100.0,9.0,Urbana,Total
3.1,5.4,10.1,7.5,100.0,42.85714285714285,14.285714285714285,21.428571428571427,100.0,0.0,14.285714285714285,71.42857142857143,8.285714285714286,Urbana,Total
6.5,13.3,,,100.0,100.0,50.0,50.0,100.0,0.0,0.0,100.0,10.0,Urbana,Municipal
6.0,2.6,1.7,5.0,100.0,25.0,25.0,25.0,100.0,0.0,0.0,100.0,5.0,Total,Total
3.9,6.6,8.1,10.9,99.71181556195964,77.52161383285303,42.93948126801153,55.61959654178674,99.42363112391932,0.2881844380403458,2.3054755043227666,74.06340057636888,12.314121037463975,Urbana,Total
2.7,,,,100.0,15.789473684210526,42.10526315789473,47.368421052631575,100.0,0.0,0.0,100.0,7.7894736842105265,Urbana,Municipal
13.8,13.8,1.7,4.9,100.0,100.0,100.0,100.0,100.0,0.0,0.0,100.0,14.0,Total,Estadual
1.5,3.2,,,100.0,50.0,50.0,50.0,100.0,0.0,0.0,100.0,14.0,Urbana,Municipal
1.8,3.9,3.2,8.3,100.0,100.0,50.0,0.0,100.0,0.0,50.0,50.0,7.5,Urbana,Total
5.8,8.7,,,100.0,4.761904761904762,23.809523809523807,28.57142857142857,100.0,0.0,9.523809523809524,100.0,8.142857142857142,Urbana,Municipal
5.0,11.4,,,93.33333333333331,0.0,66.66666666666666,0.0,100.0,0.0,0.0,100.0,3.533333333333333,Total,Municipal
0.0,0.0,0.0,0.0,100.0,16.666666666666664,66.66666666666666,33.33333333333333,100.0,0.0,0.0,100.0,4.833333333333333,Rural,Total
0.7,1.7,6.4,8.6,100.0,100.0,66.66666666666666,66.66666666666666,100.0,0.0,0.0,100.0,7.333333333333333,Urbana,Total
2.6,,,,100.0,0.0,40.0,0.0,100.0,0.0,40.0,100.0,9.0,Urbana,Municipal
12.1,12.1,,,100.0,16.666666666666664,0.0,16.666666666666664,100.0,0.0,16.666666666666664,100.0,9.333333333333334,Urbana,Municipal
0.3,0.4,1.1,0.0,57.14285714285714,85.71428571428571,71.42857142857143,71.42857142857143,100.0,0.0,42.85714285714285,85.71428571428571,15.285714285714286,Total,Estadual
1.7,3.5,2.4,8.0,100.0,80.0,80.0,40.0,100.0,0.0,0.0,100.0,6.2,Total,Total
1.4,0.6,2.4,3.7,100.0,55.88235294117647,50.0,52.94117647058824,100.0,0.0,0.0,76.47058823529412,10.970588235294118,Urbana,Total
1.2,,,,100.0,100.0,50.0,50.0,100.0,0.0,0.0,100.0,7.0,Urbana,Municipal
5.1,5.2,,,94.44444444444444,5.555555555555555,0.0,22.22222222222222,100.0,0.0,16.666666666666664,100.0,4.277777777777778,Rural,Municipal
1.2,1.9,2.8,5.3,100.0,84.61538461538461,48.71794871794872,51.28205128205128,100.0,0.0,2.564102564102564,25.64102564102564,13.512820512820513,Urbana,Privada
9.1,,,,100.0,36.36363636363637,4.545454545454546,54.54545454545454,100.0,0.0,0.0,100.0,7.454545454545454,Urbana,Municipal
7.5,10.9,9.3,10.3,77.77777777777779,16.666666666666664,0.0,0.0,77.77777777777779,27.77777777777778,50.0,100.0,6.555555555555555,Rural,Total
0.3,0.8,5.8,0.0,100.0,47.61904761904761,38.095238095238095,42.85714285714285,100.0,0.0,0.0,85.71428571428571,7.714285714285714,Urbana,Total
0.3,0.6,1.8,0.7,100.0,12.5,0.0,12.5,100.0,0.0,12.5,100.0,11.125,Rural,Total
0.8,1.0,1.3,1.1,63.63636363636363,9.090909090909092,54.54545454545454,72.72727272727273,100.0,0.0,72.72727272727273,90.9090909090909,10.818181818181818,Urbana,Total
0.5,0.6,,,100.0,100.0,0.0,75.0,100.0,0.0,0.0,50.0,8.5,Total,Privada
1.4,0.4,0.0,0.0,100.0,40.0,40.0,20.0,100.0,0.0,20.0,100.0,4.6,Urbana,Total
3.3,3.9,,,100.0,14.285714285714285,0.0,28.57142857142857,100.0,0.0,28.57142857142857,100.0,7.142857142857143,Total,Municipal
0.0,0.0,0.5,0.0,100.0,100.0,100.0,100.0,100.0,0.0,0.0,100.0,6.0,Total,Estadual
3.6,4.2,2.0,5.3,100.0,80.0,20.0,40.0,100.0,0.0,20.0,80.0,13.0,Urbana,Total
2.4,2.5,0.0,0.0,100.0,50.0,0.0,25.0,100.0,0.0,0.0,100.0,9.0,Urbana,Total
2.4,,,,100.0,33.33333333333333,33.33333333333333,66.66666666666666,100.0,0.0,0.0,100.0,10.666666666666666,Total,Municipal
11.2,10.8,13.7,25.0,100.0,50.0,16.666666666666664,16.666666666666664,100.0,0.0,16.666666666666664,83.33333333333334,7.5,Urbana,Total
0.4,1.1,,,84.61538461538461,7.6923076923076925,0.0,0.0,100.0,0.0,7.6923076923076925,100.0,3.4615384615384617,Rural,Municipal
1.4,,,,100.0,50.0,33.33333333333333,50.0,100.0,0.0,0.0,100.0,10.0,Urbana,Municipal
0.0,0.0,0.0,,100.0,100.0,100.0,100.0,100.0,0.0,0.0,100.0,3.0,Rural,Estadual
,,3.6,5.0,100.0,33.33333333333333,0.0,0.0,100.0,0.0,66.66666666666666,100.0,6.666666666666667,Total,Estadual
0.0,0.0,,,100.0,0.0,50.0,100.0,100.0,0.0,0.0,0.0,12.0,Total,Privada
17.0,23.8,,,66.66666666666666,0.0,0.0,11.11111111111111,100.0,11.11111111111111,88.88888888888889,100.0,3.4444444444444446,Total,Municipal
0.0,0.0,,,100.0,44.44444444444444,30.55555555555556,16.666666666666664,100.0,0.0,11.11111111111111,100.0,10.47222222222222,Total,Municipal
19.8,17.2,5.7,11.2,100.0,33.33333333333333,0.0,100.0,66.66666666666666,0.0,33.33333333333333,100.0,10.0,Urbana,Estadual
3.0,5.3,4.3,2.9,100.0,20.0,13.333333333333334,13.333333333333334,93.33333333333331,0.0,13.333333333333334,86.66666666666667,8.066666666666666,Urbana,Total
4.5,4.5,12.5,26.1,100.0,100.0,100.0,0.0,100.0,0.0,0.0,100.0,7.0,Urbana,Estadual
7.3,8.0,,,100.0,22.22222222222222,33.33333333333333,40.74074074074074,100.0,0.0,62.96296296296296,96.29629629629628,8.074074074074074,Urbana,Municipal
6.0,7.1,,,100.0,0.0,20.0,40.0,100.0,0.0,0.0,100.0,7.6,Urbana,Municipal
4.6,6.2,7.7,16.1,87.5,62.5,75.0,75.0,100.0,0.0,12.5,100.0,12.0,Urbana,Estadual
3.0,4.2,1.1,1.9,100.0,36.36363636363637,36.36363636363637,18.181818181818183,100.0,0.0,27.27272727272727,100.0,4.181818181818182,Rural,Total
0.1,0.2,,,100.0,80.0,0.0,80.0,100.0,0.0,0.0,100.0,12.4,Urbana,Municipal
2.0,3.2,2.8,1.4,100.0,18.75,12.5,18.75,100.0,0.0,6.25,100.0,6.0,Urbana,Total
2.1,3.1,9.8,21.6,100.0,42.85714285714285,71.42857142857143,71.42857142857143,100.0,0.0,0.0,100.0,6.714285714285714,Total,Total
1.7,4.2,,,100.0,66.66666666666666,66.66666666666666,66.66666666666666,100.0,0.0,0.0,100.0,7.833333333333333,Rural,Total
0.9,1.6,0.8,2.1,100.0,50.0,50.0,50.0,100.0,0.0,0.0,100.0,12.5,Total,Estadual
,,15.7,21.7,100.0,100.0,100.0,100.0,100.0,0.0,100.0,100.0,6.0,Rural,Estadual
0.0,0.0,0.0,0.0,100.0,66.66666666666666,33.33333333333333,66.66666666666666,100.0,0.0,0.0,100.0,8.666666666666666,Urbana,Total
1.0,2.1,6.3,6.2,100.0,72.72727272727273,81.81818181818183,63.63636363636363,100.0,0.0,18.181818181818183,90.9090909090909,8.727272727272727,Total,Total
,,0.0,0.0,100.0,100.0,100.0,0.0,100.0,0.0,0.0,100.0,6.0,Urbana,Estadual
2.8,3.7,3.3,3.6,100.0,33.33333333333333,66.66666666666666,66.66666666666666,100.0,0.0,0.0,0.0,14.666666666666666,Urbana,Privada
1.9,3.7,0.5,1.0,97.2972972972973,35.13513513513514,29.72972972972973,24.324324324324326,100.0,0.0,21.62162162162162,83.78378378378379,10.18918918918919,Total,Total
1.7,1.7,2.3,3.7,100.0,90.9090909090909,72.72727272727273,18.181818181818183,100.0,0.0,27.27272727272727,90.9090909090909,9.454545454545457,Total,Estadual
5.1,4.2,,,87.5,5.0,2.5,7.5,97.5,0.0,30.0,100.0,5.2,Rural,Municipal
,,1.1,0.0,100.0,50.0,100.0,100.0,100.0,0.0,100.0,100.0,10.5,Total,Estadual
1.0,7.0,,,100.0,66.66666666666666,16.666666666666664,25.0,100.0,0.0,50.0,100.0,6.5,Total,Municipal
1.0,1.4,,,100.0,50.0,0.0,50.0,100.0,0.0,50.0,100.0,6.5,Urbana,Municipal
,,3.6,,100.0,100.0,100.0,0.0,100.0,0.0,0.0,100.0,18.0,Urbana,Federal
0.0,,,,100.0,33.33333333333333,33.33333333333333,100.0,100.0,0.0,33.33333333333333,100.0,7.333333333333333,Urbana,Municipal
0.0,,,,100.0,25.0,0.0,0.0,100.0,0.0,25.0,100.0,3.75,Rural,Municipal
4.6,5.6,11.1,20.1,100.0,100.0,100.0,0.0,100.0,0.0,0.0,100.0,15.0,Total,Estadual
,,9.6,10.5,100.0,100.0,100.0,100.0,100.0,0.0,0.0,100.0,17.0,Urbana,Federal
3.6,5.0,,,100.0,33.33333333333333,0.0,33.33333333333333,100.0,0.0,16.666666666666664,100.0,5.0,Rural,Total
,,1.1,0.0,100.0,100.0,0.0,100.0,100.0,0.0,100.0,100.0,7.0,Total,Estadual
0.0,,,,100.0,50.0,100.0,0.0,100.0,0.0,50.0,50.0,7.5,Urbana,Privada
0.1,0.0,,,100.0,50.0,25.0,50.0,100.0,0.0,0.0,0.0,15.5,Urbana,Privada
1.9,4.0,5.8,8.4,100.0,68.75,52.083333333333336,47.91666666666667,100.0,0.0,29.166666666666668,70.83333333333334,9.6875,Total,Total
0.3,0.5,0.0,0.0,100.0,50.0,100.0,100.0,100.0,0.0,0.0,50.0,16.0,Rural,Total
0.8,1.3,2.5,3.5,96.96969696969695,9.595959595959595,26.767676767676768,43.43434343434344,98.48484848484848,0.0,64.14141414141415,79.7979797979798,10.944444444444445,Total,Total
0.8,0.8,5.7,8.0,100.0,100.0,100.0,100.0,100.0,0.0,0.0,100.0,10.0,Urbana,Estadual
0.9,0.9,2.2,4.5,100.0,0.0,100.0,100.0,100.0,0.0,0.0,100.0,12.0,Urbana,Estadual
0.1,0.3,,,100.0,20.0,40.0,40.0,100.0,0.0,20.0,100.0,5.9,Rural,Municipal
4.2,5.8,6.5,6.9,100.0,47.368421052631575,31.57894736842105,21.052631578947366,63.1578947368421,15.789473684210526,15.789473684210526,100.0,6.894736842105263,Total,Municipal
0.0,,,,100.0,0.0,28.57142857142857,19.047619047619047,100.0,0.0,19.047619047619047,100.0,6.904761904761905,Total,Municipal
0.8,,,,100.0,100.0,100.0,100.0,100.0,0.0,0.0,100.0,16.0,Urbana,Municipal
4.4,,,,100.0,100.0,50.0,50.0,100.0,0.0,0.0,100.0,31.0,Urbana,Municipal
2.6,3.6,0.0,0.0,100.0,25.0,50.0,50.0,100.0,0.0,25.0,100.0,6.75,Urbana,Total
0.8,0.8,1.2,0.7,100.0,92.85714285714286,71.42857142857143,78.57142857142857,100.0,0.0,0.0,7.142857142857142,13.857142857142858,Total,Privada
0.2,0.5,,,83.33333333333334,33.33333333333333,25.0,8.333333333333332,100.0,0.0,8.333333333333332,100.0,6.666666666666667,Total,Municipal
0.0,0.0,,,92.3076923076923,0.0,7.6923076923076925,7.6923076923076925,100.0,0.0,23.07692307692308,100.0,2.8846153846153846,Total,Municipal
4.2,6.6,11.3,13.1,100.0,43.47826086956522,21.73913043478261,43.47826086956522,100.0,0.0,4.3478260869565215,82.6086956521739,9.08695652173913,Urbana,Total
2.1,2.3,,,100.0,66.66666666666666,0.0,33.33333333333333,100.0,0.0,0.0,100.0,12.666666666666666,Urbana,Municipal
0.7,0.7,5.3,7.1,100.0,11.11111111111111,22.22222222222222,33.33333333333333,100.0,0.0,0.0,100.0,6.888888888888889,Total,Total
2.7,3.7,9.9,6.1,100.0,66.66666666666666,33.33333333333333,33.33333333333333,100.0,0.0,66.66666666666666,100.0,4.666666666666667,Rural,Estadual
5.4,9.0,,,57.14285714285714,14.285714285714285,0.0,0.0,100.0,0.0,71.42857142857143,100.0,4.142857142857143,Rural,Municipal
0.0,,,,100.0,14.285714285714285,28.57142857142857,14.285714285714285,100.0,0.0,14.285714285714285,100.0,5.285714285714286,Rural,Total
,,0.2,0.1,100.0,100.0,100.0,100.0,100.0,0.0,0.0,100.0,12.333333333333334,Urbana,Estadual
7.7,13.8,,,100.0,40.0,20.0,20.0,100.0,0.0,20.0,100.0,10.8,Urbana,Municipal
2.0,4.3,0.0,0.0,100.0,25.0,25.0,0.0,100.0,0.0,25.0,100.0,8.5,Urbana,Total
3.9,6.1,,,77.77777777777779,0.0,0.0,11.11111111111111,100.0,0.0,0.0,100.0,4.444444444444445,Urbana,Municipal
2.7,3.3,5.6,10.7,100.0,50.0,33.33333333333333,33.33333333333333,100.0,0.0,0.0,100.0,9.5,Urbana,Total
0.0,0.0,1.1,0.0,50.0,0.0,50.0,50.0,100.0,0.0,100.0,100.0,5.0,Rural,Estadual
0.0,0.0,6.2,9.5,100.0,100.0,33.33333333333333,33.33333333333333,100.0,0.0,0.0,100.0,6.666666666666667,Urbana,Total
2.3,2.3,2.3,5.3,100.0,100.0,100.0,100.0,100.0,0.0,0.0,100.0,17.4,Urbana,Estadual
6.8,8.7,,,100.0,37.5,25.0,12.5,100.0,0.0,12.5,100.0,5.0,Urbana,Municipal
2.7,1.7,,,100.0,30.0,10.0,20.0,90.0,0.0,30.0,100.0,6.9,Total,Municipal
3.5,1.1,0.0,0.0,100.0,33.33333333333333,33.33333333333333,66.66666666666666,100.0,0.0,0.0,100.0,7.0,Total,Total
2.4,4.2,5.7,7.0,77.77777777777779,44.44444444444444,88.88888888888889,55.55555555555556,100.0,0.0,0.0,100.0,9.444444444444445,Total,Total
5.5,7.8,,,78.94736842105263,7.236842105263158,3.289473684210526,9.86842105263158,78.94736842105263,23.026315789473685,47.368421052631575,99.3421052631579,4.769736842105263,Total,Municipal
6.8,,,,100.0,0.0,13.333333333333334,53.333333333333336,100.0,0.0,20.0,100.0,8.133333333333333,Urbana,Municipal
0.6,0.9,2.7,5.5,100.0,27.27272727272727,14.545454545454543,41.81818181818181,100.0,0.0,63.63636363636363,40.0,11.363636363636363,Total,Privada
0.0,0.0,,,100.0,0.0,0.0,0.0,100.0,0.0,0.0,100.0,4.0,Rural,Estadual
0.0,,,,100.0,100.0,100.0,100.0,100.0,0.0,100.0,100.0,4.0,Rural,Municipal
5.2,3.2,1.3,0.0,100.0,66.66666666666666,66.66666666666666,66.66666666666666,100.0,0.0,0.0,100.0,11.0,Total,Total
,,1.5,1.7,100.0,100.0,0.0,100.0,100.0,0.0,100.0,100.0,9.0,Rural,Estadual
2.4,4.2,,,100.0,75.0,59.09090909090909,50.0,100.0,0.0,18.181818181818183,95.45454545454544,10.590909090909092,Urbana,Municipal
6.8,13.9,,,100.0,0.0,0.0,50.0,100.0,0.0,50.0,100.0,12.0,Total,Municipal
,,3.6,2.0,100.0,0.0,100.0,100.0,100.0,0.0,100.0,100.0,8.0,Urbana,Estadual
3.6,3.6,5.7,7.8,100.0,100.0,100.0,100.0,100.0,0.0,0.0,100.0,9.0,Total,Estadual
14.1,14.1,11.2,16.7,100.0,100.0,100.0,50.0,100.0,0.0,0.0,100.0,11.75,Total,Estadual
1.2,2.3,,,100.0,52.99401197604791,11.077844311377245,20.958083832335326,100.0,0.0,17.664670658682635,100.0,8.062874251497005,Total,Municipal
7.3,,,,60.0,0.0,0.0,0.0,100.0,0.0,80.0,100.0,7.0,Urbana,Municipal
1.9,4.2,1.3,1.8,100.0,31.03448275862069,15.517241379310343,50.0,100.0,0.0,20.689655172413797,75.86206896551724,9.327586206896552,Total,Total
0.0,0.0,1.7,1.8,100.0,20.0,40.0,40.0,100.0,20.0,60.0,100.0,7.2,Total,Estadual
8.0,8.8,0.7,0.0,44.66019417475729,8.737864077669903,10.679611650485436,10.679611650485436,31.06796116504854,21.35922330097087,66.01941747572816,96.11650485436894,4.757281553398058,Total,Total
0.0,0.1,,,88.46153846153845,3.8461538461538463,0.0,15.384615384615383,100.0,0.0,19.230769230769237,100.0,5.884615384615385,Total,Municipal
0.0,0.0,,,100.0,60.0,0.0,0.0,100.0,0.0,20.0,100.0,7.8,Total,Municipal
4.3,8.9,7.9,12.4,100.0,59.375,46.875,50.0,100.0,1.5625,40.625,81.25,10.78125,Urbana,Total
2.5,3.8,2.7,2.8,100.0,28.57142857142857,19.047619047619047,23.809523809523807,100.0,0.0,23.809523809523807,100.0,7.238095238095238,Urbana,Total
4.0,7.3,11.9,20.5,100.0,75.0,50.0,50.0,100.0,0.0,25.0,100.0,9.75,Urbana,Total
0.0,0.0,0.0,0.0,100.0,40.0,20.0,100.0,100.0,0.0,0.0,80.0,10.0,Urbana,Total
3.5,5.5,10.3,11.6,100.0,60.0,60.0,53.333333333333336,100.0,0.0,6.666666666666667,80.0,7.866666666666666,Urbana,Total
3.4,1.2,12.5,13.3,100.0,100.0,50.0,50.0,100.0,0.0,0.0,100.0,8.0,Urbana,Total
0.6,1.1,2.6,1.8,100.0,50.0,0.0,50.0,100.0,0.0,0.0,100.0,8.25,Urbana,Total
3.3,8.7,,,50.0,0.0,0.0,0.0,100.0,0.0,0.0,100.0,3.5,Rural,Municipal
5.5,9.5,6.7,9.6,100.0,27.27272727272727,9.090909090909092,9.090909090909092,93.93939393939394,0.0,42.42424242424242,100.0,5.515151515151516,Rural,Total
12.5,14.3,,,100.0,24.324324324324326,21.62162162162162,32.432432432432435,100.0,0.0,10.81081081081081,100.0,9.83783783783784,Urbana,Municipal
5.3,,,,100.0,0.0,0.0,50.0,100.0,0.0,50.0,100.0,11.0,Urbana,Municipal
0.3,0.3,0.8,0.7,100.0,0.0,66.66666666666666,100.0,100.0,0.0,0.0,100.0,12.0,Urbana,Estadual
5.5,6.6,,,66.66666666666666,0.0,44.44444444444444,44.44444444444444,100.0,0.0,88.88888888888889,100.0,7.333333333333333,Total,Municipal
1.7,1.7,1.5,4.5,100.0,100.0,100.0,100.0,100.0,0.0,0.0,100.0,7.0,Total,Estadual
4.4,0.6,,,100.0,100.0,100.0,100.0,100.0,0.0,0.0,100.0,7.666666666666667,Rural,Total
,,6.5,5.0,100.0,100.0,100.0,100.0,100.0,0.0,0.0,100.0,17.0,Total,Estadual
3.0,4.2,5.3,8.5,100.0,18.181818181818183,81.81818181818183,81.81818181818183,100.0,0.0,54.54545454545454,90.9090909090909,10.454545454545457,Total,Estadual
,,0.0,0.0,100.0,0.0,100.0,100.0,100.0,0.0,0.0,100.0,14.0,Urbana,Estadual
0.0,0.0,0.0,0.0,100.0,100.0,100.0,33.33333333333333,100.0,0.0,0.0,33.33333333333333,9.333333333333334,Total,Privada
7.3,10.9,4.0,5.2,50.74626865671642,17.91044776119403,11.940298507462686,17.91044776119403,49.25373134328358,37.3134328358209,62.68656716417911,97.01492537313432,6.014925373134329,Total,Total
4.4,7.5,,,65.21739130434783,4.3478260869565215,1.4492753623188406,14.492753623188406,100.0,2.898550724637681,26.08695652173913,100.0,7.72463768115942,Total,Municipal
5.7,,,,100.0,50.0,0.0,50.0,100.0,0.0,50.0,100.0,5.5,Urbana,Municipal
,,3.9,,100.0,100.0,100.0,100.0,100.0,0.0,0.0,100.0,10.0,Total,Federal
0.2,0.2,0.8,1.6,100.0,100.0,60.0,100.0,100.0,0.0,20.0,100.0,11.4,Urbana,Estadual
2.5,5.2,1.4,2.8,100.0,55.55555555555556,33.33333333333333,33.33333333333333,100.0,0.0,0.0,88.88888888888889,7.888888888888889,Urbana,Total
0.2,0.3,,,97.2972972972973,13.513513513513514,6.756756756756757,17.56756756756757,100.0,0.0,22.972972972972972,100.0,5.891891891891892,Total,Municipal
12.4,12.4,8.8,6.7,100.0,100.0,100.0,0.0,100.0,0.0,0.0,100.0,8.0,Total,Estadual
10.2,,,,66.66666666666666,11.11111111111111,44.44444444444444,22.22222222222222,100.0,0.0,55.55555555555556,100.0,3.888888888888889,Rural,Total
0.6,0.3,0.0,0.0,100.0,75.0,50.0,75.0,100.0,0.0,0.0,50.0,11.75,Total,Privada
2.5,,,,100.0,33.33333333333333,33.33333333333333,33.33333333333333,100.0,0.0,0.0,100.0,6.333333333333333,Urbana,Municipal
,,1.3,1.0,100.0,100.0,100.0,100.0,100.0,0.0,0.0,100.0,17.0,Total,Federal
0.0,,,,100.0,0.0,50.0,0.0,100.0,0.0,50.0,100.0,7.5,Urbana,Municipal
0.0,0.0,,,100.0,50.0,0.0,0.0,100.0,0.0,50.0,0.0,8.5,Total,Privada
,,13.0,19.4,100.0,85.71428571428571,85.71428571428571,57.14285714285714,100.0,0.0,14.285714285714285,100.0,6.428571428571429,Total,Estadual
2.5,2.5,14.3,25.9,100.0,100.0,100.0,0.0,100.0,0.0,0.0,100.0,8.5,Total,Estadual
2.0,4.3,,,100.0,13.333333333333334,6.666666666666667,26.666666666666668,100.0,0.0,0.0,100.0,9.533333333333331,Total,Municipal
0.0,0.0,,,100.0,40.0,30.0,10.0,100.0,0.0,40.0,100.0,7.0,Total,Municipal
2.8,3.0,,,88.63636363636364,4.545454545454546,29.545454545454547,9.090909090909092,100.0,4.545454545454546,36.36363636363637,100.0,4.568181818181818,Total,Municipal
1.1,3.2,,,100.0,50.0,50.0,0.0,100.0,0.0,0.0,0.0,9.0,Urbana,Privada
0.9,1.6,4.1,1.4,50.0,16.666666666666664,16.666666666666664,50.0,100.0,16.666666666666664,83.33333333333334,100.0,5.5,Rural,Total
3.0,6.4,8.6,12.6,60.0,30.0,30.0,20.0,100.0,0.0,20.0,100.0,5.4,Total,Total
0.1,0.3,0.0,0.0,100.0,41.66666666666667,41.66666666666667,75.0,91.66666666666666,0.0,0.0,100.0,5.916666666666667,Total,Total
0.4,0.9,0.0,0.0,100.0,33.33333333333333,33.33333333333333,66.66666666666666,100.0,0.0,0.0,100.0,8.833333333333334,Urbana,Total
0.7,0.8,1.1,2.9,100.0,91.66666666666666,58.333333333333336,50.0,100.0,0.0,8.333333333333332,91.66666666666666,9.75,Total,Total
1.8,1.8,0.7,0.0,100.0,100.0,100.0,100.0,100.0,0.0,0.0,100.0,8.0,Total,Estadual
13.5,16.7,0.0,0.0,100.0,33.33333333333333,33.33333333333333,0.0,100.0,0.0,66.66666666666666,100.0,9.333333333333334,Urbana,Total
6.7,,,,100.0,0.0,0.0,50.0,100.0,0.0,0.0,100.0,5.25,Total,Municipal
1.5,,,,100.0,0.0,0.0,21.428571428571427,100.0,0.0,0.0,100.0,6.571428571428571,Total,Municipal
8.7,20.0,,,57.14285714285714,0.0,0.0,0.0,100.0,14.285714285714285,100.0,100.0,1.4285714285714286,Rural,Municipal
4.5,4.5,,,100.0,25.0,50.0,25.0,100.0,0.0,25.0,100.0,13.0,Urbana,Municipal
0.2,0.3,,,100.0,0.0,13.333333333333334,40.0,100.0,0.0,6.666666666666667,100.0,7.4,Total,Municipal
3.7,5.7,5.7,0.0,66.66666666666666,0.0,0.0,0.0,100.0,0.0,66.66666666666666,100.0,4.666666666666667,Urbana,Total
6.4,8.8,5.5,7.7,86.0,14.000000000000002,10.0,4.0,100.0,4.0,62.0,100.0,5.04,Total,Total
0.6,1.1,1.3,1.5,100.0,5.0,35.0,45.0,95.0,0.0,0.0,90.0,9.5,Total,Total
12.8,19.7,,,100.0,0.0,0.0,0.0,100.0,0.0,33.33333333333333,100.0,8.666666666666666,Urbana,Municipal
2.6,3.6,0.0,0.0,100.0,25.0,50.0,50.0,100.0,0.0,25.0,100.0,6.75,Total,Total
0.4,0.5,1.2,1.0,100.0,15.384615384615383,30.76923076923077,38.46153846153847,100.0,0.0,23.07692307692308,100.0,9.923076923076923,Total,Total
0.0,0.0,1.1,0.0,100.0,100.0,20.0,100.0,100.0,0.0,0.0,100.0,6.8,Total,Estadual
,,0.0,0.0,100.0,100.0,100.0,100.0,100.0,0.0,0.0,100.0,8.0,Rural,Total
2.5,5.2,7.2,9.5,100.0,80.0,38.57142857142858,45.71428571428572,100.0,0.0,11.428571428571429,77.14285714285715,10.642857142857142,Total,Total
0.0,0.0,0.7,0.0,100.0,100.0,100.0,100.0,100.0,0.0,0.0,100.0,5.5,Total,Estadual
0.9,0.9,0.0,0.0,50.0,50.0,50.0,0.0,100.0,0.0,0.0,100.0,3.5,Total,Estadual
5.4,10.4,,,64.1025641025641,17.94871794871795,0.0,7.6923076923076925,100.0,7.6923076923076925,41.02564102564102,100.0,3.897435897435898,Total,Municipal
7.6,15.1,,,100.0,0.0,27.77777777777778,16.666666666666664,100.0,5.555555555555555,0.0,100.0,6.166666666666667,Total,Municipal
0.8,0.6,5.0,8.0,66.66666666666666,13.333333333333334,13.333333333333334,0.0,100.0,0.0,26.666666666666668,100.0,5.266666666666667,Total,Total
5.4,12.1,,,100.0,0.0,0.0,50.0,100.0,0.0,0.0,100.0,12.75,Urbana,Municipal
6.2,8.7,10.2,15.3,98.89705882352942,41.17647058823529,38.23529411764706,54.04411764705882,100.0,0.0,11.76470588235294,44.48529411764706,9.411764705882351,Total,Total
7.8,7.8,6.6,6.8,100.0,100.0,100.0,100.0,100.0,0.0,0.0,100.0,13.5,Urbana,Estadual
0.2,,,,100.0,16.666666666666664,43.93939393939394,37.87878787878788,100.0,0.0,66.66666666666666,100.0,12.696969696969695,Urbana,Municipal
0.0,,,,100.0,50.0,0.0,0.0,100.0,0.0,0.0,0.0,5.5,Total,Privada
4.8,6.0,5.7,7.8,92.7710843373494,18.072289156626507,22.89156626506024,31.32530120481928,96.3855421686747,1.2048192771084338,20.48192771084337,91.56626506024097,9.975903614457833,Total,Total
1.3,,,,100.0,0.0,0.0,0.0,100.0,0.0,0.0,100.0,4.5,Rural,Municipal
6.7,7.3,,,66.66666666666666,66.66666666666666,33.33333333333333,66.66666666666666,100.0,0.0,0.0,100.0,6.666666666666667,Urbana,Municipal
3.9,,,,80.0,0.0,10.0,0.0,100.0,0.0,20.0,100.0,3.7,Rural,Municipal
0.0,,,,100.0,50.0,33.33333333333333,0.0,100.0,0.0,33.33333333333333,100.0,5.833333333333333,Urbana,Municipal
7.7,12.6,,,100.0,50.0,0.0,50.0,100.0,0.0,0.0,100.0,7.5,Rural,Municipal
0.0,0.0,,,100.0,7.142857142857142,28.57142857142857,50.0,100.0,3.571428571428571,53.57142857142857,100.0,4.035714285714286,Rural,Total
0.0,0.0,0.0,0.0,100.0,100.0,100.0,100.0,100.0,0.0,0.0,100.0,14.0,Urbana,Estadual
0.0,0.0,,,100.0,40.0,20.0,33.33333333333333,93.33333333333331,0.0,20.0,100.0,10.8,Urbana,Municipal
0.2,0.3,1.5,2.1,100.0,18.75,62.5,56.25,100.0,0.0,12.5,18.75,16.125,Total,Privada
2.7,2.7,2.8,2.2,100.0,100.0,100.0,100.0,100.0,0.0,0.0,100.0,10.0,Urbana,Estadual
0.4,0.4,,,97.67441860465117,30.23255813953488,4.651162790697675,13.953488372093023,100.0,0.0,51.16279069767442,100.0,4.651162790697675,Total,Municipal
0.1,0.0,0.3,0.0,100.0,13.636363636363637,40.909090909090914,40.909090909090914,68.18181818181817,0.0,77.27272727272727,90.9090909090909,7.681818181818182,Total,Total
2.8,5.8,6.2,9.3,100.0,0.0,75.0,25.0,100.0,0.0,25.0,100.0,9.25,Urbana,Total
10.5,16.7,,,100.0,20.0,0.0,20.0,100.0,0.0,0.0,100.0,9.7,Urbana,Municipal
1.2,0.9,0.0,0.0,100.0,38.46153846153847,15.384615384615383,46.15384615384615,100.0,0.0,30.76923076923077,92.3076923076923,7.538461538461538,Total,Total
1.1,1.3,6.7,9.9,100.0,66.66666666666666,66.66666666666666,66.66666666666666,100.0,0.0,33.33333333333333,100.0,6.333333333333333,Total,Estadual
0.7,1.6,2.2,3.6,93.75,68.75,37.5,37.5,100.0,0.0,12.5,37.5,14.0,Total,Privada
0.0,0.0,0.3,0.8,100.0,100.0,0.0,100.0,100.0,0.0,0.0,100.0,12.0,Urbana,Estadual
3.1,3.4,,,100.0,50.0,20.0,0.0,100.0,0.0,20.0,100.0,3.4,Total,Municipal
3.9,3.9,2.9,6.8,100.0,50.0,50.0,50.0,100.0,0.0,0.0,100.0,7.0,Urbana,Estadual
0.9,1.8,4.8,10.2,100.0,100.0,50.0,0.0,100.0,0.0,0.0,100.0,7.0,Urbana,Total
7.1,5.5,0.0,0.0,100.0,42.85714285714285,28.57142857142857,42.85714285714285,100.0,0.0,0.0,85.71428571428571,8.714285714285714,Urbana,Total
1.5,2.0,3.3,3.9,100.0,70.29702970297029,44.55445544554456,66.33663366336634,100.0,0.0,9.9009900990099,88.11881188118812,13.722772277227724,Total,Total
0.0,,,,100.0,50.0,0.0,50.0,100.0,0.0,0.0,0.0,4.0,Urbana,Privada
0.0,0.0,0.0,0.0,90.0,5.0,20.0,26.666666666666668,100.0,1.6666666666666667,20.0,100.0,6.333333333333333,Rural,Total
0.2,0.6,0.2,0.0,100.0,36.36363636363637,40.909090909090914,22.727272727272727,100.0,0.0,27.27272727272727,100.0,5.636363636363637,Rural,Total
5.2,10.8,,,100.0,50.0,0.0,50.0,100.0,0.0,0.0,100.0,8.0,Urbana,Municipal
2.7,5.8,3.6,5.7,100.0,72.72727272727273,45.45454545454545,54.54545454545454,100.0,0.0,18.181818181818183,90.9090909090909,9.545454545454543,Urbana,Total
0.0,,,,100.0,0.0,0.0,0.0,100.0,0.0,0.0,100.0,3.0,Rural,Municipal
12.6,16.8,,,94.11764705882352,23.52941176470588,17.647058823529413,29.411764705882355,100.0,0.0,35.294117647058826,88.23529411764706,6.705882352941177,Urbana,Municipal
0.7,,,,100.0,36.36363636363637,0.0,27.27272727272727,100.0,9.090909090909092,45.45454545454545,100.0,7.454545454545454,Total,Municipal
3.5,6.1,6.2,10.1,100.0,69.04761904761905,47.61904761904761,33.33333333333333,100.0,0.0,7.142857142857142,73.80952380952381,12.238095238095235,Urbana,Total
1.2,2.4,1.5,2.9,100.0,68.0,44.0,52.0,100.0,2.0,4.0,32.0,11.02,Total,Privada
2.1,4.3,,,100.0,14.285714285714285,14.285714285714285,14.285714285714285,100.0,0.0,14.285714285714285,100.0,9.0,Urbana,Municipal
13.4,17.8,,,100.0,37.5,8.333333333333332,8.333333333333332,100.0,0.0,16.666666666666664,100.0,5.833333333333333,Total,Municipal
0.0,,,,100.0,0.0,0.0,0.0,100.0,0.0,37.5,100.0,3.25,Rural,Municipal
7.3,11.0,,,100.0,50.0,0.0,50.0,100.0,0.0,0.0,100.0,8.0,Urbana,Municipal
2.3,0.8,,,100.0,62.5,25.0,0.0,100.0,0.0,12.5,12.5,7.625,Urbana,Privada
0.7,0.0,6.5,15.4,100.0,0.0,75.0,50.0,100.0,0.0,75.0,100.0,11.0,Urbana,Total
0.0,0.0,,,100.0,100.0,50.0,50.0,100.0,0.0,0.0,0.0,8.0,Total,Privada
,,0.4,0.0,100.0,0.0,50.0,0.0,100.0,0.0,100.0,100.0,7.0,Rural,Estadual
,,1.5,0.0,100.0,100.0,100.0,0.0,100.0,0.0,0.0,100.0,4.0,Urbana,Estadual
6.1,10.4,2.8,6.3,100.0,66.66666666666666,33.33333333333333,33.33333333333333,100.0,0.0,0.0,100.0,7.0,Total,Total
3.0,2.5,0.6,0.0,29.82456140350877,7.017543859649122,5.263157894736842,1.7543859649122806,92.98245614035088,21.052631578947366,91.2280701754386,100.0,3.210526315789474,Rural,Total
3.8,2.4,,,100.0,9.090909090909092,45.45454545454545,27.27272727272727,100.0,0.0,81.81818181818183,90.9090909090909,10.363636363636363,Urbana,Municipal
9.9,9.9,3.2,6.0,100.0,66.66666666666666,66.66666666666666,33.33333333333333,100.0,0.0,33.33333333333333,100.0,13.666666666666666,Total,Estadual
0.0,,,,100.0,0.0,0.0,0.0,100.0,0.0,100.0,0.0,8.0,Urbana,Privada
8.0,8.0,5.1,5.6,100.0,100.0,100.0,100.0,100.0,0.0,0.0,100.0,17.0,Urbana,Estadual
0.0,,,,100.0,100.0,33.33333333333333,0.0,100.0,0.0,0.0,100.0,5.0,Total,Municipal
1.5,1.5,0.0,0.0,100.0,0.0,100.0,100.0,100.0,0.0,100.0,100.0,9.0,Urbana,Estadual
0.0,,,,100.0,100.0,100.0,100.0,100.0,0.0,0.0,100.0,5.0,Rural,Total
0.9,0.0,6.7,10.3,50.0,50.0,50.0,0.0,100.0,0.0,50.0,100.0,7.0,Total,Estadual
13.5,19.2,0.8,0.0,100.0,14.285714285714285,0.0,42.85714285714285,100.0,0.0,57.14285714285714,85.71428571428571,5.142857142857143,Urbana,Total
5.5,14.7,,,50.0,0.0,25.0,25.0,100.0,25.0,0.0,100.0,9.75,Urbana,Municipal
0.0,0.0,0.0,0.0,100.0,66.66666666666666,0.0,33.33333333333333,100.0,0.0,66.66666666666666,33.33333333333333,10.0,Total,Privada
2.8,,,,100.0,60.0,20.0,20.0,100.0,0.0,0.0,100.0,6.6,Urbana,Municipal
9.4,14.6,0.0,0.0,100.0,16.666666666666664,22.22222222222222,5.555555555555555,100.0,0.0,13.88888888888889,97.2222222222222,2.833333333333333,Total,Total
0.9,2.9,,,100.0,50.0,25.0,0.0,100.0,0.0,50.0,0.0,5.5,Urbana,Privada
3.4,5.5,6.7,11.3,100.0,50.0,50.0,16.666666666666664,100.0,0.0,33.33333333333333,100.0,5.666666666666667,Total,Total
0.0,0.0,0.0,0.0,100.0,100.0,100.0,100.0,100.0,0.0,0.0,100.0,8.0,Urbana,Estadual
,,4.8,4.9,100.0,100.0,100.0,100.0,100.0,0.0,0.0,100.0,10.0,Total,Estadual
3.2,3.5,,,100.0,0.0,0.0,0.0,100.0,0.0,50.0,100.0,6.5,Rural,Total
0.0,0.0,,,100.0,100.0,0.0,33.33333333333333,100.0,0.0,33.33333333333333,66.66666666666666,8.666666666666666,Urbana,Privada
2.6,4.6,4.3,6.8,100.0,36.36363636363637,9.090909090909092,9.090909090909092,100.0,0.0,9.090909090909092,90.9090909090909,6.818181818181818,Total,Total
1.4,2.1,0.0,0.0,80.0,20.0,0.0,0.0,100.0,0.0,20.0,0.0,4.2,Urbana,Privada
0.0,0.0,,,100.0,25.0,50.0,25.0,100.0,0.0,75.0,100.0,9.0,Urbana,Municipal
1.7,4.2,,,100.0,100.0,20.0,20.0,100.0,0.0,20.0,100.0,10.4,Total,Municipal
4.7,5.5,,,60.0,10.0,15.0,5.0,85.0,10.0,35.0,100.0,3.8,Rural,Total
,,0.9,1.2,100.0,100.0,0.0,0.0,100.0,0.0,0.0,100.0,11.0,Urbana,Estadual
4.8,4.8,1.3,1.0,100.0,15.384615384615383,23.07692307692308,50.0,100.0,0.0,84.61538461538461,88.46153846153845,8.423076923076923,Total,Total
0.0,,,,100.0,42.85714285714285,57.14285714285714,28.57142857142857,100.0,0.0,28.57142857142857,100.0,12.714285714285714,Urbana,Municipal
5.4,4.0,3.4,0.0,100.0,80.0,80.0,60.0,100.0,0.0,0.0,100.0,6.4,Total,Total
2.9,,,,100.0,0.0,0.0,0.0,100.0,0.0,0.0,100.0,9.0,Urbana,Municipal
1.0,1.0,0.8,1.3,100.0,0.0,100.0,50.0,100.0,0.0,0.0,100.0,7.5,Urbana,Estadual
4.1,4.1,0.0,0.0,100.0,100.0,0.0,0.0,100.0,0.0,0.0,100.0,15.0,Total,Estadual
6.1,7.4,1.3,2.1,100.0,73.33333333333333,46.66666666666666,60.0,100.0,0.0,6.666666666666667,86.66666666666667,9.8,Urbana,Total
0.5,0.8,0.6,0.0,100.0,33.33333333333333,33.33333333333333,0.0,100.0,0.0,33.33333333333333,100.0,7.333333333333333,Urbana,Total
0.0,0.0,,,100.0,100.0,50.0,100.0,100.0,0.0,0.0,50.0,10.5,Urbana,Privada
2.9,,,,66.66666666666666,0.0,0.0,0.0,100.0,0.0,66.66666666666666,100.0,2.333333333333333,Rural,Total
,,0.5,1.3,100.0,100.0,100.0,100.0,100.0,0.0,100.0,100.0,5.0,Urbana,Estadual
0.5,0.0,,,100.0,100.0,0.0,100.0,100.0,0.0,0.0,100.0,7.333333333333333,Total,Municipal
1.9,2.0,9.3,9.2,100.0,100.0,80.0,80.0,100.0,0.0,0.0,80.0,16.2,Urbana,Estadual
2.7,5.8,8.0,10.3,100.0,75.0,50.0,25.0,100.0,0.0,0.0,100.0,7.25,Total,Total
,,0.0,0.0,100.0,0.0,0.0,0.0,0.0,0.0,100.0,100.0,6.0,Rural,Estadual
14.3,20.0,8.8,14.3,66.66666666666666,0.0,33.33333333333333,16.666666666666664,100.0,0.0,50.0,100.0,5.333333333333333,Total,Total
0.0,,,,100.0,0.0,0.0,0.0,100.0,0.0,100.0,100.0,4.0,Rural,Total
13.9,15.7,,,100.0,33.33333333333333,25.0,16.666666666666664,91.66666666666666,0.0,16.666666666666664,100.0,6.083333333333333,Urbana,Municipal
